adm_0_name,adm_1_name,calendar_start_date,calendar_end_date,Year,dengue_total,case_definition_standardised,UUID
INDONESIA,JAWA TIMUR,2004-01-01,2004-01-31,2004,1573.0,Total,TYCHO-ALL-19242017-SV_DF01-00
INDONESIA,JAWA TIMUR,2004-02-01,2004-02-29,2004,1786.0,Total,TYCHO-ALL-19242017-SV_DF01-00
INDONESIA,JAWA TIMUR,2004-03-01,2004-03-31,2004,3139.0,Total,TYCHO-ALL-19242017-SV_DF01-00
INDONESIA,JAWA TIMUR,2004-04-01,2004-04-30,2004,516.0,Total,TYCHO-ALL-19242017-SV_DF01-00
INDONESIA,JAWA TIMUR,2004-05-01,2004-05-31,2004,38.0,Total,TYCHO-ALL-19242017-SV_DF01-00
INDONESIA,JAWA TIMUR,2005-01-01,2005-01-31,2005,809.0,Total,TYCHO-ALL-19242017-SV_DF01-00
INDONESIA,JAWA TIMUR,2005-02-01,2005-02-28,2005,1282.0,Total,TYCHO-ALL-19242017-SV_DF01-00
INDONESIA,JAWA TIMUR,2005-03-01,2005-03-31,2005,1225.0,Total,TYCHO-ALL-19242017-SV_DF01-00
INDONESIA,JAWA TIMUR,2005-04-01,2005-04-30,2005,902.0,Total,TYCHO-ALL-19242017-SV_DF01-00
INDONESIA,JAWA TIMUR,2005-05-01,2005-05-31,2005,932.0,Total,TYCHO-ALL-19242017-SV_DF01-00
INDONESIA,JAWA TIMUR,2005-06-01,2005-06-30,2005,647.0,Total,TYCHO-ALL-19242017-SV_DF01-00
INDONESIA,JAWA TIMUR,2005-07-01,2005-07-31,2005,619.0,Total,TYCHO-ALL-19242017-SV_DF01-00
INDONESIA,JAWA TIMUR,2005-08-01,2005-08-31,2005,1151.0,Total,TYCHO-ALL-19242017-SV_DF01-00
INDONESIA,JAWA TIMUR,2005-09-01,2005-09-30,2005,967.0,Total,TYCHO-ALL-19242017-SV_DF01-00
INDONESIA,JAWA TIMUR,2005-10-01,2005-10-31,2005,1056.0,Total,TYCHO-ALL-19242017-SV_DF01-00
INDONESIA,JAWA TIMUR,2005-11-01,2005-11-30,2005,1862.0,Total,TYCHO-ALL-19242017-SV_DF01-00
INDONESIA,JAWA TIMUR,2005-12-01,2005-12-31,2005,870.0,Total,TYCHO-ALL-19242017-SV_DF01-00
INDONESIA,JAWA TIMUR,2006-01-01,2006-01-31,2006,5778.0,Total,TYCHO-ALL-19242017-SV_DF01-00
INDONESIA,JAWA TIMUR,2006-02-01,2006-02-28,2006,4404.0,Total,TYCHO-ALL-19242017-SV_DF01-00
INDONESIA,JAWA TIMUR,2006-03-01,2006-03-31,2006,3106.0,Total,TYCHO-ALL-19242017-SV_DF01-00
INDONESIA,JAWA TIMUR,2006-04-01,2006-04-30,2006,2127.0,Total,TYCHO-ALL-19242017-SV_DF01-00
INDONESIA,JAWA TIMUR,2007-01-01,2007-01-31,2007,2648.0,Total,WHOSEARO-IDN-2024-Y01-00
INDONESIA,JAWA TIMUR,2007-02-01,2007-02-28,2007,4326.0,Total,WHOSEARO-IDN-2024-Y01-00
INDONESIA,JAWA TIMUR,2007-03-01,2007-03-31,2007,3853.0,Total,WHOSEARO-IDN-2024-Y01-00
INDONESIA,JAWA TIMUR,2007-04-01,2007-04-30,2007,2654.0,Total,WHOSEARO-IDN-2024-Y01-00
INDONESIA,JAWA TIMUR,2007-05-01,2007-05-31,2007,2714.0,Total,WHOSEARO-IDN-2024-Y01-00
INDONESIA,JAWA TIMUR,2007-06-01,2007-06-30,2007,1971.0,Total,WHOSEARO-IDN-2024-Y01-00
INDONESIA,JAWA TIMUR,2007-07-01,2007-07-31,2007,1424.0,Total,WHOSEARO-IDN-2024-Y01-00
INDONESIA,JAWA TIMUR,2007-08-01,2007-08-31,2007,1041.0,Total,WHOSEARO-IDN-2024-Y01-00
INDONESIA,JAWA TIMUR,2007-09-01,2007-09-30,2007,804.0,Total,WHOSEARO-IDN-2024-Y01-00
INDONESIA,JAWA TIMUR,2007-10-01,2007-10-31,2007,794.0,Total,WHOSEARO-IDN-2024-Y01-00
INDONESIA,JAWA TIMUR,2007-11-01,2007-11-30,2007,1516.0,Total,WHOSEARO-IDN-2024-Y01-00
INDONESIA,JAWA TIMUR,2007-12-01,2007-12-31,2007,2205.0,Total,WHOSEARO-IDN-2024-Y01-00
INDONESIA,JAWA TIMUR,2008-01-01,2008-01-31,2008,4082.0,Total,WHOSEARO-IDN-2024-Y01-00
INDONESIA,JAWA TIMUR,2008-02-01,2008-02-29,2008,3189.0,Total,WHOSEARO-IDN-2024-Y01-00
INDONESIA,JAWA TIMUR,2008-03-01,2008-03-31,2008,2128.0,Total,WHOSEARO-IDN-2024-Y01-00
INDONESIA,JAWA TIMUR,2008-04-01,2008-04-30,2008,1785.0,Total,WHOSEARO-IDN-2024-Y01-00
INDONESIA,JAWA TIMUR,2008-05-01,2008-05-31,2008,1428.0,Total,WHOSEARO-IDN-2024-Y01-00
INDONESIA,JAWA TIMUR,2008-06-01,2008-06-30,2008,769.0,Total,WHOSEARO-IDN-2024-Y01-00
INDONESIA,JAWA TIMUR,2008-07-01,2008-07-31,2008,489.0,Total,WHOSEARO-IDN-2024-Y01-00
INDONESIA,JAWA TIMUR,2008-08-01,2008-08-31,2008,338.0,Total,WHOSEARO-IDN-2024-Y01-00
INDONESIA,JAWA TIMUR,2008-09-01,2008-09-30,2008,366.0,Total,WHOSEARO-IDN-2024-Y01-00
INDONESIA,JAWA TIMUR,2008-10-01,2008-10-31,2008,533.0,Total,WHOSEARO-IDN-2024-Y01-00
INDONESIA,JAWA TIMUR,2008-11-01,2008-11-30,2008,919.0,Total,WHOSEARO-IDN-2024-Y01-00
INDONESIA,JAWA TIMUR,2008-12-01,2008-12-31,2008,1284.0,Total,WHOSEARO-IDN-2024-Y01-00
INDONESIA,JAWA TIMUR,2009-01-01,2009-01-31,2009,2486.0,Total,WHOSEARO-IDN-2024-Y01-00
INDONESIA,JAWA TIMUR,2009-02-01,2009-02-28,2009,1987.0,Total,WHOSEARO-IDN-2024-Y01-00
INDONESIA,JAWA TIMUR,2009-03-01,2009-03-31,2009,1904.0,Total,WHOSEARO-IDN-2024-Y01-00
INDONESIA,JAWA TIMUR,2009-04-01,2009-04-30,2009,1868.0,Total,WHOSEARO-IDN-2024-Y01-00
INDONESIA,JAWA TIMUR,2009-05-01,2009-05-31,2009,1596.0,Total,WHOSEARO-IDN-2024-Y01-00
INDONESIA,JAWA TIMUR,2009-06-01,2009-06-30,2009,1478.0,Total,WHOSEARO-IDN-2024-Y01-00
INDONESIA,JAWA TIMUR,2009-07-01,2009-07-31,2009,1469.0,Total,WHOSEARO-IDN-2024-Y01-00
INDONESIA,JAWA TIMUR,2009-08-01,2009-08-31,2009,1021.0,Total,WHOSEARO-IDN-2024-Y01-00
INDONESIA,JAWA TIMUR,2009-09-01,2009-09-30,2009,719.0,Total,WHOSEARO-IDN-2024-Y01-00
INDONESIA,JAWA TIMUR,2009-10-01,2009-10-31,2009,823.0,Total,WHOSEARO-IDN-2024-Y01-00
INDONESIA,JAWA TIMUR,2009-11-01,2009-11-30,2009,1146.0,Total,WHOSEARO-IDN-2024-Y01-00
INDONESIA,JAWA TIMUR,2009-12-01,2009-12-31,2009,2134.0,Total,WHOSEARO-IDN-2024-Y01-00
INDONESIA,JAWA TIMUR,2010-01-01,2010-01-31,2010,5601.0,Total,WHOSEARO-IDN-2024-Y01-00
INDONESIA,JAWA TIMUR,2010-02-01,2010-02-28,2010,5253.0,Total,WHOSEARO-IDN-2024-Y01-00
INDONESIA,JAWA TIMUR,2010-03-01,2010-03-31,2010,4028.0,Total,WHOSEARO-IDN-2024-Y01-00
INDONESIA,JAWA TIMUR,2010-04-01,2010-04-30,2010,2476.0,Total,WHOSEARO-IDN-2024-Y01-00
INDONESIA,JAWA TIMUR,2010-05-01,2010-05-31,2010,2173.0,Total,WHOSEARO-IDN-2024-Y01-00
INDONESIA,JAWA TIMUR,2010-06-01,2010-06-30,2010,1701.0,Total,WHOSEARO-IDN-2024-Y01-00
INDONESIA,JAWA TIMUR,2010-07-01,2010-07-31,2010,1230.0,Total,WHOSEARO-IDN-2024-Y01-00
INDONESIA,JAWA TIMUR,2010-08-01,2010-08-31,2010,778.0,Total,WHOSEARO-IDN-2024-Y01-00
INDONESIA,JAWA TIMUR,2010-09-01,2010-09-30,2010,465.0,Total,WHOSEARO-IDN-2024-Y01-00
INDONESIA,JAWA TIMUR,2010-10-01,2010-10-31,2010,803.0,Total,WHOSEARO-IDN-2024-Y01-00
INDONESIA,JAWA TIMUR,2010-11-01,2010-11-30,2010,857.0,Total,WHOSEARO-IDN-2024-Y01-00
INDONESIA,JAWA TIMUR,2010-12-01,2010-12-31,2010,655.0,Total,WHOSEARO-IDN-2024-Y01-00
INDONESIA,JAWA TIMUR,2011-01-01,2011-01-31,2011,1035.0,Total,WHOSEARO-IDN-2024-Y01-00
INDONESIA,JAWA TIMUR,2011-02-01,2011-02-28,2011,682.0,Total,WHOSEARO-IDN-2024-Y01-00
INDONESIA,JAWA TIMUR,2011-03-01,2011-03-31,2011,593.0,Total,WHOSEARO-IDN-2024-Y01-00
INDONESIA,JAWA TIMUR,2011-05-01,2011-05-31,2011,486.0,Total,WHOSEARO-IDN-2024-Y01-02
INDONESIA,JAWA TIMUR,2011-06-01,2011-06-30,2011,337.0,Total,WHOSEARO-IDN-2024-Y01-02
INDONESIA,JAWA TIMUR,2011-07-01,2011-07-31,2011,308.0,Total,WHOSEARO-IDN-2024-Y01-02
INDONESIA,JAWA TIMUR,2011-08-01,2011-08-31,2011,197.0,Total,WHOSEARO-IDN-2024-Y01-02
INDONESIA,JAWA TIMUR,2011-09-01,2011-09-30,2011,196.0,Total,WHOSEARO-IDN-2024-Y01-02
INDONESIA,JAWA TIMUR,2011-10-01,2011-10-31,2011,220.0,Total,WHOSEARO-IDN-2024-Y01-02
INDONESIA,JAWA TIMUR,2011-11-01,2011-11-30,2011,342.0,Total,WHOSEARO-IDN-2024-Y01-02
INDONESIA,JAWA TIMUR,2011-12-01,2011-12-31,2011,469.0,Total,WHOSEARO-IDN-2024-Y01-02
INDONESIA,JAWA TIMUR,2012-01-01,2012-01-31,2012,1008.0,Total,WHOSEARO-IDN-2024-Y01-02
INDONESIA,JAWA TIMUR,2012-02-01,2012-02-29,2012,756.0,Total,WHOSEARO-IDN-2024-Y01-02
INDONESIA,JAWA TIMUR,2012-03-01,2012-03-31,2012,703.0,Total,WHOSEARO-IDN-2024-Y01-02
INDONESIA,JAWA TIMUR,2012-04-01,2012-04-30,2012,646.0,Total,WHOSEARO-IDN-2024-Y01-02
INDONESIA,JAWA TIMUR,2012-05-01,2012-05-31,2012,745.0,Total,WHOSEARO-IDN-2024-Y01-02
INDONESIA,JAWA TIMUR,2012-06-01,2012-06-30,2012,499.0,Total,WHOSEARO-IDN-2024-Y01-02
INDONESIA,JAWA TIMUR,2012-07-01,2012-07-31,2012,437.0,Total,WHOSEARO-IDN-2024-Y01-02
INDONESIA,JAWA TIMUR,2012-08-01,2012-08-31,2012,341.0,Total,WHOSEARO-IDN-2024-Y01-02
INDONESIA,JAWA TIMUR,2012-09-01,2012-09-30,2012,369.0,Total,WHOSEARO-IDN-2024-Y01-02
INDONESIA,JAWA TIMUR,2012-10-01,2012-10-31,2012,642.0,Total,WHOSEARO-IDN-2024-Y01-02
INDONESIA,JAWA TIMUR,2012-11-01,2012-11-30,2012,841.0,Total,WHOSEARO-IDN-2024-Y01-02
INDONESIA,JAWA TIMUR,2012-12-01,2012-12-31,2012,1190.0,Total,WHOSEARO-IDN-2024-Y01-02
INDONESIA,JAWA TIMUR,2013-01-01,2013-01-31,2013,3264.0,Total,WHOSEARO-IDN-2024-Y01-02
INDONESIA,JAWA TIMUR,2013-02-01,2013-02-28,2013,2550.0,Total,WHOSEARO-IDN-2024-Y01-02
INDONESIA,JAWA TIMUR,2013-03-01,2013-03-31,2013,2124.0,Total,WHOSEARO-IDN-2024-Y01-02
INDONESIA,JAWA TIMUR,2013-04-01,2013-04-30,2013,1787.0,Total,WHOSEARO-IDN-2024-Y01-02
INDONESIA,JAWA TIMUR,2013-05-01,2013-05-31,2013,1333.0,Total,WHOSEARO-IDN-2024-Y01-02
INDONESIA,JAWA TIMUR,2013-06-01,2013-06-30,2013,951.0,Total,WHOSEARO-IDN-2024-Y01-02
INDONESIA,JAWA TIMUR,2013-07-01,2013-07-31,2013,781.0,Total,WHOSEARO-IDN-2024-Y01-02
INDONESIA,JAWA TIMUR,2013-08-01,2013-08-31,2013,521.0,Total,WHOSEARO-IDN-2024-Y01-02
INDONESIA,JAWA TIMUR,2013-09-01,2013-09-30,2013,397.0,Total,WHOSEARO-IDN-2024-Y01-02
INDONESIA,JAWA TIMUR,2013-10-01,2013-10-31,2013,357.0,Total,WHOSEARO-IDN-2024-Y01-02
INDONESIA,JAWA TIMUR,2013-11-01,2013-11-30,2013,407.0,Total,WHOSEARO-IDN-2024-Y01-02
INDONESIA,JAWA TIMUR,2013-12-01,2013-12-31,2013,423.0,Total,WHOSEARO-IDN-2024-Y01-02
INDONESIA,JAWA TIMUR,2014-01-01,2014-01-31,2014,980.0,Total,WHOSEARO-IDN-2024-Y01-02
INDONESIA,JAWA TIMUR,2014-02-01,2014-02-28,2014,918.0,Total,WHOSEARO-IDN-2024-Y01-02
INDONESIA,JAWA TIMUR,2014-03-01,2014-03-31,2014,881.0,Total,WHOSEARO-IDN-2024-Y01-02
INDONESIA,JAWA TIMUR,2014-04-01,2014-04-30,2014,837.0,Total,WHOSEARO-IDN-2024-Y01-02
INDONESIA,JAWA TIMUR,2014-05-01,2014-05-31,2014,855.0,Total,WHOSEARO-IDN-2024-Y01-02
INDONESIA,JAWA TIMUR,2014-06-01,2014-06-30,2014,784.0,Total,WHOSEARO-IDN-2024-Y01-02
INDONESIA,JAWA TIMUR,2014-07-01,2014-07-31,2014,569.0,Total,WHOSEARO-IDN-2024-Y01-02
INDONESIA,JAWA TIMUR,2014-08-01,2014-08-31,2014,640.0,Total,WHOSEARO-IDN-2024-Y01-02
INDONESIA,JAWA TIMUR,2014-09-01,2014-09-30,2014,551.0,Total,WHOSEARO-IDN-2024-Y01-02
INDONESIA,JAWA TIMUR,2014-10-01,2014-10-31,2014,600.0,Total,WHOSEARO-IDN-2024-Y01-02
INDONESIA,JAWA TIMUR,2014-11-01,2014-11-30,2014,735.0,Total,WHOSEARO-IDN-2024-Y01-02
INDONESIA,JAWA TIMUR,2014-12-01,2014-12-31,2014,923.0,Total,WHOSEARO-IDN-2024-Y01-02
INDONESIA,JAWA TIMUR,2015-01-01,2015-01-31,2015,4584.0,Total,WHOSEARO-IDN-2024-Y01-02
INDONESIA,JAWA TIMUR,2015-02-01,2015-02-28,2015,4379.0,Total,WHOSEARO-IDN-2024-Y01-02
INDONESIA,JAWA TIMUR,2015-03-01,2015-03-31,2015,2645.0,Total,WHOSEARO-IDN-2024-Y01-02
INDONESIA,JAWA TIMUR,2015-04-01,2015-04-30,2015,1941.0,Total,WHOSEARO-IDN-2024-Y01-02
INDONESIA,JAWA TIMUR,2015-05-01,2015-05-31,2015,1508.0,Total,WHOSEARO-IDN-2024-Y01-02
INDONESIA,JAWA TIMUR,2015-06-01,2015-06-30,2015,1194.0,Total,WHOSEARO-IDN-2024-Y01-02
INDONESIA,JAWA TIMUR,2015-07-01,2015-07-31,2015,738.0,Total,WHOSEARO-IDN-2024-Y01-02
INDONESIA,JAWA TIMUR,2015-08-01,2015-08-31,2015,607.0,Total,WHOSEARO-IDN-2024-Y01-02
INDONESIA,JAWA TIMUR,2015-09-01,2015-09-30,2015,442.0,Total,WHOSEARO-IDN-2024-Y01-02
INDONESIA,JAWA TIMUR,2015-10-01,2015-10-31,2015,554.0,Total,WHOSEARO-IDN-2024-Y01-02
INDONESIA,JAWA TIMUR,2015-11-01,2015-11-30,2015,806.0,Total,WHOSEARO-IDN-2024-Y01-02
INDONESIA,JAWA TIMUR,2015-12-01,2015-12-31,2015,740.0,Total,WHOSEARO-IDN-2024-Y01-02
INDONESIA,JAWA TIMUR,2016-01-01,2016-01-31,2016,3590.0,Total,WHOSEARO-IDN-2024-Y01-02
INDONESIA,JAWA TIMUR,2016-03-01,2016-03-31,2016,3370.0,Total,WHOSEARO-IDN-2024-Y01-01
INDONESIA,JAWA TIMUR,2016-04-01,2016-04-30,2016,2578.0,Total,WHOSEARO-IDN-2024-Y01-01
INDONESIA,JAWA TIMUR,2016-05-01,2016-05-31,2016,2278.0,Total,WHOSEARO-IDN-2024-Y01-01
INDONESIA,JAWA TIMUR,2016-06-01,2016-06-30,2016,1523.0,Total,WHOSEARO-IDN-2024-Y01-01
INDONESIA,JAWA TIMUR,2016-07-01,2016-07-31,2016,1346.0,Total,WHOSEARO-IDN-2024-Y01-01
INDONESIA,JAWA TIMUR,2016-08-01,2016-08-31,2016,1265.0,Total,WHOSEARO-IDN-2024-Y01-01
INDONESIA,JAWA TIMUR,2016-09-01,2016-09-30,2016,1146.0,Total,WHOSEARO-IDN-2024-Y01-01
INDONESIA,JAWA TIMUR,2016-10-01,2016-10-31,2016,1115.0,Total,WHOSEARO-IDN-2024-Y01-01
INDONESIA,JAWA TIMUR,2016-11-01,2016-11-30,2016,1251.0,Total,WHOSEARO-IDN-2024-Y01-01
INDONESIA,JAWA TIMUR,2016-12-01,2016-12-31,2016,1135.0,Total,WHOSEARO-IDN-2024-Y01-01
INDONESIA,JAWA TIMUR,2017-01-01,2017-01-31,2017,1682.0,Total,WHOSEARO-IDN-2024-Y01-01
INDONESIA,JAWA TIMUR,2017-02-01,2017-02-28,2017,1187.0,Total,WHOSEARO-IDN-2024-Y01-01
INDONESIA,JAWA TIMUR,2017-03-01,2017-03-31,2017,924.0,Total,WHOSEARO-IDN-2024-Y01-01
INDONESIA,JAWA TIMUR,2017-04-01,2017-04-30,2017,681.0,Total,WHOSEARO-IDN-2024-Y01-01
INDONESIA,JAWA TIMUR,2017-05-01,2017-05-31,2017,504.0,Total,WHOSEARO-IDN-2024-Y01-01
INDONESIA,JAWA TIMUR,2017-06-01,2017-06-30,2017,384.0,Total,WHOSEARO-IDN-2024-Y01-01
INDONESIA,JAWA TIMUR,2017-07-01,2017-07-31,2017,317.0,Total,WHOSEARO-IDN-2024-Y01-01
INDONESIA,JAWA TIMUR,2017-08-01,2017-08-31,2017,334.0,Total,WHOSEARO-IDN-2024-Y01-01
INDONESIA,JAWA TIMUR,2017-09-01,2017-09-30,2017,338.0,Total,WHOSEARO-IDN-2024-Y01-01
INDONESIA,JAWA TIMUR,2017-10-01,2017-10-31,2017,431.0,Total,WHOSEARO-IDN-2024-Y01-01
INDONESIA,JAWA TIMUR,2017-11-01,2017-11-30,2017,494.0,Total,WHOSEARO-IDN-2024-Y01-01
INDONESIA,JAWA TIMUR,2017-12-01,2017-12-31,2017,562.0,Total,WHOSEARO-IDN-2024-Y01-01
INDONESIA,JAWA TIMUR,2018-01-01,2018-01-31,2018,1114.0,Total,WHOSEARO-IDN-2024-Y01-01
INDONESIA,JAWA TIMUR,2018-02-01,2018-02-28,2018,823.0,Total,WHOSEARO-IDN-2024-Y01-01
INDONESIA,JAWA TIMUR,2018-03-01,2018-03-31,2018,768.0,Total,WHOSEARO-IDN-2024-Y01-01
INDONESIA,JAWA TIMUR,2018-04-01,2018-04-30,2018,754.0,Total,WHOSEARO-IDN-2024-Y01-01
INDONESIA,JAWA TIMUR,2018-05-01,2018-05-31,2018,755.0,Total,WHOSEARO-IDN-2024-Y01-01
INDONESIA,JAWA TIMUR,2018-06-01,2018-06-30,2018,595.0,Total,WHOSEARO-IDN-2024-Y01-01
INDONESIA,JAWA TIMUR,2018-07-01,2018-07-31,2018,534.0,Total,WHOSEARO-IDN-2024-Y01-01
INDONESIA,JAWA TIMUR,2018-08-01,2018-08-31,2018,533.0,Total,WHOSEARO-IDN-2024-Y01-01
INDONESIA,JAWA TIMUR,2018-09-01,2018-09-30,2018,533.0,Total,WHOSEARO-IDN-2024-Y01-01
INDONESIA,JAWA TIMUR,2018-10-01,2018-10-31,2018,723.0,Total,WHOSEARO-IDN-2024-Y01-01
INDONESIA,JAWA TIMUR,2018-11-01,2018-11-30,2018,789.0,Total,WHOSEARO-IDN-2024-Y01-01
INDONESIA,JAWA TIMUR,2018-12-01,2018-12-31,2018,528.0,Total,WHOSEARO-IDN-2024-Y01-01
INDONESIA,JAWA TIMUR,2019-01-01,2019-01-31,2019,5590.0,Total,WHOSEARO-IDN-2024-Y01-01
INDONESIA,JAWA TIMUR,2019-02-01,2019-02-28,2019,4311.0,Total,WHOSEARO-IDN-2024-Y01-01
INDONESIA,JAWA TIMUR,2019-03-01,2019-03-31,2019,2894.0,Total,WHOSEARO-IDN-2024-Y01-01
INDONESIA,JAWA TIMUR,2019-04-01,2019-04-30,2019,1613.0,Total,WHOSEARO-IDN-2024-Y01-01
INDONESIA,JAWA TIMUR,2019-05-01,2019-05-31,2019,1353.0,Total,WHOSEARO-IDN-2024-Y01-01
INDONESIA,JAWA TIMUR,2019-06-01,2019-06-30,2019,762.0,Total,WHOSEARO-IDN-2024-Y01-01
INDONESIA,JAWA TIMUR,2019-07-01,2019-07-31,2019,399.0,Total,WHOSEARO-IDN-2024-Y01-01
INDONESIA,JAWA TIMUR,2019-08-01,2019-08-31,2019,225.0,Total,WHOSEARO-IDN-2024-Y01-01
INDONESIA,JAWA TIMUR,2019-09-01,2019-09-30,2019,218.0,Total,WHOSEARO-IDN-2024-Y01-01
INDONESIA,JAWA TIMUR,2019-10-01,2019-10-31,2019,263.0,Total,WHOSEARO-IDN-2024-Y01-01
INDONESIA,JAWA TIMUR,2019-11-01,2019-11-30,2019,356.0,Total,WHOSEARO-IDN-2024-Y01-01
INDONESIA,JAWA TIMUR,2019-12-01,2019-12-31,2019,413.0,Total,WHOSEARO-IDN-2024-Y01-01
INDONESIA,JAWA TIMUR,2020-01-01,2020-01-31,2020,1069.0,Total,WHOSEARO-IDN-2024-Y01-01
INDONESIA,JAWA TIMUR,2020-02-01,2020-02-29,2020,1665.0,Total,WHOSEARO-IDN-2024-Y01-01
INDONESIA,JAWA TIMUR,2020-03-01,2020-03-31,2020,1533.0,Total,WHOSEARO-IDN-2024-Y01-01
INDONESIA,JAWA TIMUR,2020-04-01,2020-04-30,2020,1085.0,Total,WHOSEARO-IDN-2024-Y01-01
INDONESIA,JAWA TIMUR,2020-05-01,2020-05-31,2020,870.0,Total,WHOSEARO-IDN-2024-Y01-01
INDONESIA,JAWA TIMUR,2020-06-01,2020-06-30,2020,649.0,Total,WHOSEARO-IDN-2024-Y01-01
INDONESIA,JAWA TIMUR,2020-07-01,2020-07-31,2020,402.0,Total,WHOSEARO-IDN-2024-Y01-01
INDONESIA,JAWA TIMUR,2020-08-01,2020-08-31,2020,242.0,Total,WHOSEARO-IDN-2024-Y01-01
INDONESIA,JAWA TIMUR,2020-10-01,2020-10-31,2020,226.0,Total,WHOSEARO-IDN-2024-Y01-03
INDONESIA,JAWA TIMUR,2020-11-01,2020-11-30,2020,279.0,Total,WHOSEARO-IDN-2024-Y01-03
INDONESIA,JAWA TIMUR,2020-12-01,2020-12-31,2020,318.0,Total,WHOSEARO-IDN-2024-Y01-03
INDONESIA,JAWA TIMUR,2021-01-01,2021-01-31,2021,674.0,Total,WHOSEARO-IDN-2024-Y01-03
INDONESIA,JAWA TIMUR,2021-02-01,2021-02-28,2021,638.0,Total,WHOSEARO-IDN-2024-Y01-03
INDONESIA,JAWA TIMUR,2021-03-01,2021-03-31,2021,738.0,Total,WHOSEARO-IDN-2024-Y01-03
INDONESIA,JAWA TIMUR,2021-04-01,2021-04-30,2021,681.0,Total,WHOSEARO-IDN-2024-Y01-03
INDONESIA,JAWA TIMUR,2021-05-01,2021-05-31,2021,525.0,Total,WHOSEARO-IDN-2024-Y01-03
INDONESIA,JAWA TIMUR,2021-06-01,2021-06-30,2021,414.0,Total,WHOSEARO-IDN-2024-Y01-03
INDONESIA,JAWA TIMUR,2021-07-01,2021-07-31,2021,120.0,Total,WHOSEARO-IDN-2024-Y01-03
INDONESIA,JAWA TIMUR,2021-08-01,2021-08-31,2021,133.0,Total,WHOSEARO-IDN-2024-Y01-03
INDONESIA,JAWA TIMUR,2021-09-01,2021-09-30,2021,205.0,Total,WHOSEARO-IDN-2024-Y01-03
INDONESIA,JAWA TIMUR,2021-10-01,2021-10-31,2021,365.0,Total,WHOSEARO-IDN-2024-Y01-03
INDONESIA,JAWA TIMUR,2021-11-01,2021-11-30,2021,817.0,Total,WHOSEARO-IDN-2024-Y01-03
INDONESIA,JAWA TIMUR,2021-12-01,2021-12-31,2021,1450.0,Total,WHOSEARO-IDN-2024-Y01-03
INDONESIA,JAWA TIMUR,2022-01-01,2022-01-31,2022,2912.0,Total,WHOSEARO-IDN-2024-Y01-03
INDONESIA,JAWA TIMUR,2022-02-01,2022-02-28,2022,1325.0,Total,WHOSEARO-IDN-2024-Y01-03
INDONESIA,JAWA TIMUR,2022-03-01,2022-03-31,2022,1017.0,Total,WHOSEARO-IDN-2024-Y01-03
INDONESIA,JAWA TIMUR,2022-04-01,2022-04-30,2022,987.0,Total,WHOSEARO-IDN-2024-Y01-03
INDONESIA,JAWA TIMUR,2022-05-01,2022-05-31,2022,1101.0,Total,WHOSEARO-IDN-2024-Y01-03
INDONESIA,JAWA TIMUR,2022-06-01,2022-06-30,2022,1133.0,Total,WHOSEARO-IDN-2024-Y01-03
INDONESIA,JAWA TIMUR,2022-07-01,2022-07-31,2022,916.0,Total,WHOSEARO-IDN-2024-Y01-03
INDONESIA,JAWA TIMUR,2022-08-01,2022-08-31,2022,799.0,Total,WHOSEARO-IDN-2024-Y01-03
INDONESIA,JAWA TIMUR,2022-09-01,2022-09-30,2022,658.0,Total,WHOSEARO-IDN-2024-Y01-03
INDONESIA,JAWA TIMUR,2022-10-01,2022-10-31,2022,682.0,Total,WHOSEARO-IDN-2024-Y01-03
INDONESIA,JAWA TIMUR,2022-11-01,2022-11-30,2022,795.0,Total,WHOSEARO-IDN-2024-Y01-03
INDONESIA,JAWA TIMUR,2022-12-01,2022-12-31,2022,910.0,Total,WHOSEARO-IDN-2024-Y01-03
INDONESIA,JAWA TIMUR,2023-01-01,2023-01-31,2023,1637.0,Total,WHOSEARO-IDN-2024-Y01-03
INDONESIA,JAWA TIMUR,2023-02-01,2023-02-28,2023,1119.0,Total,WHOSEARO-IDN-2024-Y01-03
INDONESIA,JAWA TIMUR,2023-03-01,2023-03-31,2023,1127.0,Total,WHOSEARO-IDN-2024-Y01-03
INDONESIA,JAWA TIMUR,2023-04-01,2023-04-30,2023,747.0,Total,WHOSEARO-IDN-2024-Y01-03
INDONESIA,JAWA TIMUR,2023-05-01,2023-05-31,2023,837.0,Total,WHOSEARO-IDN-2024-Y01-03
INDONESIA,JAWA TIMUR,2023-06-01,2023-06-30,2023,686.0,Total,WHOSEARO-IDN-2024-Y01-03
INDONESIA,JAWA TIMUR,2023-07-01,2023-07-31,2023,497.0,Total,WHOSEARO-IDN-2024-Y01-03
INDONESIA,JAWA TIMUR,2023-08-01,2023-08-31,2023,469.0,Total,WHOSEARO-IDN-2024-Y01-03
INDONESIA,JAWA TIMUR,2023-09-01,2023-09-30,2023,485.0,Total,WHOSEARO-IDN-2024-Y01-03
INDONESIA,JAWA TIMUR,2023-10-01,2023-10-31,2023,520.0,Total,WHOSEARO-IDN-2024-Y01-03
INDONESIA,JAWA TIMUR,2023-11-01,2023-11-30,2023,552.0,Total,WHOSEARO-IDN-2024-Y01-03
INDONESIA,JAWA TIMUR,2023-12-01,2023-12-31,2023,725.0,Total,WHOSEARO-IDN-2024-Y01-03
INDONESIA,JAWA TIMUR,2024-01-01,2024-01-31,2024,2605.0,Total,WHOSEARO-IDN-2024-Y01-03
INDONESIA,JAWA TIMUR,2024-02-01,2024-02-29,2024,3472.0,Total,WHOSEARO-IDN-2024-Y01-03
INDONESIA,JAWA TIMUR,2024-03-01,2024-03-31,2024,4988.0,Total,WHOSEARO-IDN-2024-Y01-03
INDONESIA,JAWA TIMUR,2024-04-01,2024-04-30,2024,3880.0,Total,WHOSEARO-IDN-2024-Y01-03
INDONESIA,JAWA TIMUR,2024-05-01,2024-05-31,2024,3712.0,Total,WHOSEARO-IDN-2024-Y01-03
INDONESIA,JAWA TIMUR,2024-06-01,2024-06-30,2024,3175.0,Total,WHOSEARO-IDN-2024-Y01-03
INDONESIA,JAWA TIMUR,2024-07-01,2024-07-31,2024,986.0,Total,WHOSEARO-IDN-2024-Y01-01
