province,date,cases
BALI,2004-01-01,69.0
BALI,2004-02-01,439.0
BALI,2004-03-01,890.0
BALI,2004-04-01,429.0
BALI,2004-05-01,17.0
BALI,2004-06-01,10.0
BALI,2005-01-01,216.0
BALI,2005-02-01,379.0
BALI,2005-03-01,299.0
BALI,2005-04-01,298.0
BALI,2005-05-01,327.0
BALI,2005-06-01,259.0
BALI,2005-07-01,178.0
BALI,2005-08-01,109.0
BALI,2005-09-01,112.0
BALI,2005-10-01,111.0
BALI,2005-11-01,135.0
BALI,2006-01-01,1023.0
BALI,2006-02-01,1061.0
BALI,2006-03-01,811.0
BALI,2006-04-01,689.0
BALI,2007-01-01,276.0
BALI,2007-02-01,466.0
BALI,2007-03-01,575.0
BALI,2007-04-01,784.0
BALI,2007-05-01,1387.0
BALI,2007-06-01,995.0
BALI,2007-07-01,585.0
BALI,2007-08-01,376.0
BALI,2007-09-01,192.0
BALI,2007-10-01,171.0
BALI,2007-11-01,203.0
BALI,2007-12-01,365.0
BALI,2008-01-01,600.0
BALI,2008-02-01,903.0
BALI,2008-03-01,980.0
BALI,2008-04-01,1022.0
BALI,2008-05-01,1126.0
BALI,2008-06-01,581.0
BALI,2008-07-01,280.0
BALI,2008-08-01,108.0
BALI,2008-09-01,116.0
BALI,2008-10-01,115.0
BALI,2008-11-01,161.0
BALI,2008-12-01,262.0
BALI,2009-01-01,400.0
BALI,2009-02-01,456.0
BALI,2009-03-01,587.0
BALI,2009-04-01,862.0
BALI,2009-05-01,1006.0
BALI,2009-06-01,818.0
BALI,2009-07-01,451.0
BALI,2009-08-01,287.0
BALI,2009-09-01,158.0
BALI,2009-10-01,187.0
BALI,2009-11-01,277.0
BALI,2009-12-01,321.0
BALI,2010-01-01,682.0
BALI,2010-02-01,1048.0
BALI,2010-03-01,1221.0
BALI,2010-04-01,1482.0
BALI,2010-05-01,1373.0
BALI,2010-06-01,1645.0
BALI,2010-07-01,1578.0
BALI,2010-08-01,868.0
BALI,2010-09-01,530.0
BALI,2010-10-01,582.0
BALI,2010-11-01,662.0
BALI,2010-12-01,26.0
BALI,2011-01-01,649.0
BALI,2011-02-01,589.0
BALI,2011-03-01,488.0
BALI,2011-05-01,283.0
BALI,2011-06-01,188.0
BALI,2011-07-01,105.0
BALI,2011-08-01,65.0
BALI,2011-09-01,40.0
BALI,2011-10-01,80.0
BALI,2011-11-01,82.0
BALI,2011-12-01,128.0
BALI,2012-01-01,186.0
BALI,2012-02-01,371.0
BALI,2012-03-01,327.0
BALI,2012-04-01,383.0
BALI,2012-05-01,389.0
BALI,2012-06-01,294.0
BALI,2012-07-01,176.0
BALI,2012-08-01,111.0
BALI,2012-09-01,83.0
BALI,2012-10-01,96.0
BALI,2012-11-01,100.0
BALI,2012-12-01,134.0
BALI,2013-01-01,311.0
BALI,2013-02-01,569.0
BALI,2013-03-01,590.0
BALI,2013-04-01,862.0
BALI,2013-05-01,960.0
BALI,2013-06-01,779.0
BALI,2013-07-01,902.0
BALI,2013-08-01,615.0
BALI,2013-09-01,402.0
BALI,2013-10-01,268.0
BALI,2013-11-01,294.0
BALI,2013-12-01,261.0
BALI,2014-01-01,861.0
BALI,2014-02-01,1087.0
BALI,2014-03-01,957.0
BALI,2014-04-01,1065.0
BALI,2014-05-01,1019.0
BALI,2014-06-01,985.0
BALI,2014-07-01,689.0
BALI,2014-08-01,545.0
BALI,2014-09-01,410.0
BALI,2014-10-01,347.0
BALI,2014-11-01,318.0
BALI,2014-12-01,346.0
BALI,2015-01-01,1001.0
BALI,2015-02-01,1619.0
BALI,2015-03-01,1494.0
BALI,2015-04-01,1685.0
BALI,2015-05-01,1394.0
BALI,2015-06-01,1269.0
BALI,2015-07-01,725.0
BALI,2015-08-01,411.0
BALI,2015-09-01,286.0
BALI,2015-10-01,219.0
BALI,2015-11-01,212.0
BALI,2015-12-01,389.0
BALI,2016-01-01,1025.0
BALI,2016-03-01,2831.0
BALI,2016-04-01,3414.0
BALI,2016-05-01,3019.0
BALI,2016-06-01,2254.0
BALI,2016-07-01,1761.0
BALI,2016-08-01,1654.0
BALI,2016-09-01,1131.0
BALI,2016-10-01,1014.0
BALI,2016-11-01,1038.0
BALI,2016-12-01,919.0
BALI,2017-01-01,809.0
BALI,2017-02-01,734.0
BALI,2017-03-01,766.0
BALI,2017-04-01,485.0
BALI,2017-05-01,499.0
BALI,2017-06-01,333.0
BALI,2017-07-01,195.0
BALI,2017-08-01,183.0
BALI,2017-09-01,122.0
BALI,2017-10-01,142.0
BALI,2017-11-01,131.0
BALI,2017-12-01,100.0
BALI,2018-01-01,145.0
BALI,2018-02-01,113.0
BALI,2018-03-01,92.0
BALI,2018-04-01,83.0
BALI,2018-05-01,39.0
BALI,2018-06-01,46.0
BALI,2018-07-01,45.0
BALI,2018-08-01,44.0
BALI,2018-09-01,76.0
BALI,2018-10-01,72.0
BALI,2018-11-01,71.0
BALI,2018-12-01,78.0
BALI,2019-01-01,347.0
BALI,2019-02-01,713.0
BALI,2019-03-01,639.0
BALI,2019-04-01,714.0
BALI,2019-05-01,975.0
BALI,2019-06-01,589.0
BALI,2019-07-01,338.0
BALI,2019-08-01,238.0
BALI,2019-09-01,172.0
BALI,2019-10-01,158.0
BALI,2019-11-01,96.0
BALI,2019-12-01,0.0
BALI,2020-01-01,800.0
BALI,2020-02-01,1151.0
BALI,2020-03-01,2170.0
BALI,2020-04-01,2858.0
BALI,2020-05-01,2262.0
BALI,2020-06-01,1120.0
BALI,2020-07-01,604.0
BALI,2020-08-01,344.0
BALI,2020-10-01,120.0
BALI,2020-11-01,171.0
BALI,2020-12-01,225.0
BALI,2021-01-01,364.0
BALI,2021-02-01,331.0
BALI,2021-03-01,394.0
BALI,2021-04-01,377.0
BALI,2021-05-01,376.0
BALI,2021-06-01,224.0
BALI,2021-07-01,91.0
BALI,2021-08-01,57.0
BALI,2021-09-01,55.0
BALI,2021-10-01,73.0
BALI,2021-11-01,130.0
BALI,2021-12-01,201.0
BALI,2022-01-01,562.0
BALI,2022-02-01,311.0
BALI,2022-03-01,376.0
BALI,2022-04-01,575.0
BALI,2022-05-01,773.0
BALI,2022-06-01,628.0
BALI,2022-07-01,407.0
BALI,2022-08-01,341.0
BALI,2022-09-01,311.0
BALI,2022-10-01,320.0
BALI,2022-11-01,437.0
BALI,2022-12-01,720.0
BALI,2023-01-01,965.0
BALI,2023-02-01,963.0
BALI,2023-03-01,1005.0
BALI,2023-04-01,870.0
BALI,2023-05-01,851.0
BALI,2023-06-01,603.0
BALI,2023-07-01,471.0
BALI,2023-08-01,339.0
BALI,2023-09-01,276.0
BALI,2023-10-01,251.0
BALI,2023-11-01,238.0
BALI,2023-12-01,267.0
BALI,2024-01-01,709.0
BALI,2024-02-01,908.0
BALI,2024-03-01,1659.0
BALI,2024-04-01,2623.0
BALI,2024-05-01,3339.0
BALI,2024-06-01,2177.0
BALI,2024-07-01,1243.0
BANTEN,2004-01-01,328.0
BANTEN,2004-02-01,789.0
BANTEN,2004-03-01,925.0
BANTEN,2004-04-01,155.0
BANTEN,2004-05-01,84.0
BANTEN,2004-06-01,20.0
BANTEN,2004-07-01,14.0
BANTEN,2006-01-01,220.0
BANTEN,2006-02-01,200.0
BANTEN,2007-01-01,594.0
BANTEN,2007-02-01,822.0
BANTEN,2007-03-01,695.0
BANTEN,2007-04-01,671.0
BANTEN,2007-05-01,648.0
BANTEN,2007-06-01,584.0
BANTEN,2007-07-01,457.0
BANTEN,2007-08-01,238.0
BANTEN,2007-09-01,252.0
BANTEN,2007-10-01,169.0
BANTEN,2007-11-01,178.0
BANTEN,2007-12-01,279.0
BANTEN,2008-01-01,393.0
BANTEN,2008-02-01,370.0
BANTEN,2008-03-01,377.0
BANTEN,2008-04-01,384.0
BANTEN,2008-05-01,381.0
BANTEN,2008-06-01,244.0
BANTEN,2008-07-01,420.0
BANTEN,2008-08-01,246.0
BANTEN,2008-09-01,169.0
BANTEN,2008-10-01,299.0
BANTEN,2008-11-01,255.0
BANTEN,2008-12-01,416.0
BANTEN,2009-01-01,492.0
BANTEN,2009-02-01,600.0
BANTEN,2009-03-01,533.0
BANTEN,2009-04-01,591.0
BANTEN,2009-05-01,631.0
BANTEN,2009-06-01,539.0
BANTEN,2009-07-01,560.0
BANTEN,2009-08-01,272.0
BANTEN,2009-09-01,221.0
BANTEN,2009-10-01,274.0
BANTEN,2009-11-01,239.0
BANTEN,2009-12-01,298.0
BANTEN,2010-01-01,428.0
BANTEN,2010-02-01,451.0
BANTEN,2010-03-01,487.0
BANTEN,2010-04-01,512.0
BANTEN,2010-05-01,396.0
BANTEN,2010-06-01,517.0
BANTEN,2010-07-01,539.0
BANTEN,2010-08-01,544.0
BANTEN,2010-09-01,498.0
BANTEN,2010-10-01,471.0
BANTEN,2010-11-01,402.0
BANTEN,2010-12-01,299.0
BANTEN,2011-01-01,254.0
BANTEN,2011-02-01,211.0
BANTEN,2011-03-01,181.0
BANTEN,2011-05-01,125.0
BANTEN,2011-06-01,161.0
BANTEN,2011-07-01,96.0
BANTEN,2011-08-01,118.0
BANTEN,2011-09-01,82.0
BANTEN,2011-10-01,91.0
BANTEN,2011-11-01,142.0
BANTEN,2011-12-01,134.0
BANTEN,2012-01-01,303.0
BANTEN,2012-02-01,386.0
BANTEN,2012-03-01,338.0
BANTEN,2012-04-01,321.0
BANTEN,2012-05-01,380.0
BANTEN,2012-06-01,408.0
BANTEN,2012-07-01,358.0
BANTEN,2012-08-01,202.0
BANTEN,2012-09-01,121.0
BANTEN,2012-10-01,135.0
BANTEN,2012-11-01,164.0
BANTEN,2012-12-01,246.0
BANTEN,2013-01-01,416.0
BANTEN,2013-02-01,455.0
BANTEN,2013-03-01,289.0
BANTEN,2013-04-01,271.0
BANTEN,2013-05-01,324.0
BANTEN,2013-06-01,324.0
BANTEN,2013-07-01,353.0
BANTEN,2013-08-01,277.0
BANTEN,2013-09-01,363.0
BANTEN,2013-10-01,276.0
BANTEN,2013-11-01,308.0
BANTEN,2013-12-01,321.0
BANTEN,2014-01-01,378.0
BANTEN,2014-02-01,350.0
BANTEN,2014-03-01,298.0
BANTEN,2014-04-01,355.0
BANTEN,2014-05-01,306.0
BANTEN,2014-06-01,261.0
BANTEN,2014-07-01,234.0
BANTEN,2014-08-01,252.0
BANTEN,2014-09-01,248.0
BANTEN,2014-10-01,160.0
BANTEN,2014-11-01,94.0
BANTEN,2014-12-01,66.0
BANTEN,2015-01-01,343.0
BANTEN,2015-02-01,349.0
BANTEN,2015-03-01,352.0
BANTEN,2015-04-01,365.0
BANTEN,2015-05-01,429.0
BANTEN,2015-06-01,253.0
BANTEN,2015-07-01,214.0
BANTEN,2015-08-01,148.0
BANTEN,2015-09-01,117.0
BANTEN,2015-10-01,98.0
BANTEN,2015-11-01,186.0
BANTEN,2015-12-01,157.0
BANTEN,2016-01-01,1088.0
BANTEN,2016-03-01,842.0
BANTEN,2016-04-01,756.0
BANTEN,2016-05-01,510.0
BANTEN,2016-06-01,429.0
BANTEN,2016-07-01,276.0
BANTEN,2016-08-01,301.0
BANTEN,2016-09-01,257.0
BANTEN,2016-10-01,193.0
BANTEN,2016-11-01,188.0
BANTEN,2016-12-01,110.0
BANTEN,2017-01-01,187.0
BANTEN,2017-02-01,188.0
BANTEN,2017-03-01,169.0
BANTEN,2017-04-01,99.0
BANTEN,2017-05-01,123.0
BANTEN,2017-06-01,71.0
BANTEN,2017-07-01,87.0
BANTEN,2017-08-01,64.0
BANTEN,2017-09-01,69.0
BANTEN,2017-10-01,107.0
BANTEN,2017-11-01,129.0
BANTEN,2017-12-01,67.0
BANTEN,2018-01-01,62.0
BANTEN,2018-02-01,70.0
BANTEN,2018-03-01,95.0
BANTEN,2018-04-01,94.0
BANTEN,2018-05-01,94.0
BANTEN,2018-06-01,90.0
BANTEN,2018-07-01,159.0
BANTEN,2018-08-01,95.0
BANTEN,2018-09-01,72.0
BANTEN,2018-10-01,77.0
BANTEN,2018-11-01,60.0
BANTEN,2018-12-01,55.0
BANTEN,2019-01-01,410.0
BANTEN,2019-02-01,550.0
BANTEN,2019-03-01,367.0
BANTEN,2019-04-01,303.0
BANTEN,2019-05-01,282.0
BANTEN,2019-06-01,253.0
BANTEN,2019-07-01,240.0
BANTEN,2019-08-01,132.0
BANTEN,2019-09-01,80.0
BANTEN,2019-10-01,81.0
BANTEN,2019-11-01,94.0
BANTEN,2019-12-01,123.0
BANTEN,2020-01-01,548.0
BANTEN,2020-02-01,535.0
BANTEN,2020-03-01,435.0
BANTEN,2020-04-01,326.0
BANTEN,2020-05-01,262.0
BANTEN,2020-06-01,253.0
BANTEN,2020-07-01,204.0
BANTEN,2020-08-01,92.0
BANTEN,2020-10-01,58.0
BANTEN,2020-11-01,91.0
BANTEN,2020-12-01,60.0
BANTEN,2021-01-01,72.0
BANTEN,2021-02-01,66.0
BANTEN,2021-03-01,115.0
BANTEN,2021-04-01,152.0
BANTEN,2021-05-01,145.0
BANTEN,2021-06-01,88.0
BANTEN,2021-07-01,82.0
BANTEN,2021-08-01,114.0
BANTEN,2021-09-01,153.0
BANTEN,2021-10-01,249.0
BANTEN,2021-11-01,419.0
BANTEN,2021-12-01,481.0
BANTEN,2022-01-01,737.0
BANTEN,2022-02-01,351.0
BANTEN,2022-03-01,281.0
BANTEN,2022-04-01,425.0
BANTEN,2022-05-01,394.0
BANTEN,2022-06-01,508.0
BANTEN,2022-07-01,526.0
BANTEN,2022-08-01,459.0
BANTEN,2022-09-01,420.0
BANTEN,2022-10-01,425.0
BANTEN,2022-11-01,447.0
BANTEN,2022-12-01,310.0
BANTEN,2023-01-01,378.0
BANTEN,2023-02-01,313.0
BANTEN,2023-03-01,309.0
BANTEN,2023-04-01,243.0
BANTEN,2023-05-01,274.0
BANTEN,2023-06-01,260.0
BANTEN,2023-07-01,309.0
BANTEN,2023-08-01,392.0
BANTEN,2023-09-01,388.0
BANTEN,2023-10-01,261.0
BANTEN,2023-11-01,352.0
BANTEN,2023-12-01,675.0
BANTEN,2024-01-01,1646.0
BANTEN,2024-02-01,2109.0
BANTEN,2024-03-01,2127.0
BANTEN,2024-04-01,1661.0
BANTEN,2024-05-01,1535.0
BANTEN,2024-06-01,1291.0
BANTEN,2024-07-01,790.0
DI YOGYAKARTA,2004-01-01,472.0
DI YOGYAKARTA,2004-02-01,585.0
DI YOGYAKARTA,2004-03-01,604.0
DI YOGYAKARTA,2004-04-01,85.0
DI YOGYAKARTA,2004-05-01,53.0
DI YOGYAKARTA,2005-01-01,45.0
DI YOGYAKARTA,2005-02-01,83.0
DI YOGYAKARTA,2005-03-01,80.0
DI YOGYAKARTA,2005-04-01,70.0
DI YOGYAKARTA,2005-05-01,60.0
DI YOGYAKARTA,2005-06-01,51.0
DI YOGYAKARTA,2005-07-01,26.0
DI YOGYAKARTA,2005-08-01,42.0
DI YOGYAKARTA,2005-09-01,25.0
DI YOGYAKARTA,2005-10-01,32.0
DI YOGYAKARTA,2005-11-01,21.0
DI YOGYAKARTA,2006-01-01,523.0
DI YOGYAKARTA,2006-02-01,483.0
DI YOGYAKARTA,2006-03-01,421.0
DI YOGYAKARTA,2006-04-01,164.0
DI YOGYAKARTA,2007-01-01,252.0
DI YOGYAKARTA,2007-02-01,348.0
DI YOGYAKARTA,2007-03-01,452.0
DI YOGYAKARTA,2007-04-01,297.0
DI YOGYAKARTA,2007-05-01,305.0
DI YOGYAKARTA,2007-06-01,198.0
DI YOGYAKARTA,2007-07-01,186.0
DI YOGYAKARTA,2007-08-01,108.0
DI YOGYAKARTA,2007-09-01,61.0
DI YOGYAKARTA,2007-10-01,64.0
DI YOGYAKARTA,2007-11-01,96.0
DI YOGYAKARTA,2007-12-01,95.0
DI YOGYAKARTA,2008-01-01,344.0
DI YOGYAKARTA,2008-02-01,337.0
DI YOGYAKARTA,2008-03-01,266.0
DI YOGYAKARTA,2008-04-01,329.0
DI YOGYAKARTA,2008-05-01,288.0
DI YOGYAKARTA,2008-06-01,140.0
DI YOGYAKARTA,2008-07-01,75.0
DI YOGYAKARTA,2008-08-01,41.0
DI YOGYAKARTA,2008-09-01,43.0
DI YOGYAKARTA,2008-10-01,50.0
DI YOGYAKARTA,2008-11-01,81.0
DI YOGYAKARTA,2008-12-01,125.0
DI YOGYAKARTA,2009-01-01,294.0
DI YOGYAKARTA,2009-02-01,216.0
DI YOGYAKARTA,2009-03-01,179.0
DI YOGYAKARTA,2009-04-01,225.0
DI YOGYAKARTA,2009-05-01,175.0
DI YOGYAKARTA,2009-06-01,174.0
DI YOGYAKARTA,2009-07-01,183.0
DI YOGYAKARTA,2009-08-01,173.0
DI YOGYAKARTA,2009-09-01,127.0
DI YOGYAKARTA,2009-10-01,141.0
DI YOGYAKARTA,2009-11-01,139.0
DI YOGYAKARTA,2009-12-01,177.0
DI YOGYAKARTA,2010-01-01,659.0
DI YOGYAKARTA,2010-02-01,626.0
DI YOGYAKARTA,2010-03-01,674.0
DI YOGYAKARTA,2010-04-01,589.0
DI YOGYAKARTA,2010-05-01,491.0
DI YOGYAKARTA,2010-06-01,452.0
DI YOGYAKARTA,2010-07-01,347.0
DI YOGYAKARTA,2010-08-01,305.0
DI YOGYAKARTA,2010-09-01,210.0
DI YOGYAKARTA,2010-10-01,182.0
DI YOGYAKARTA,2010-11-01,243.0
DI YOGYAKARTA,2010-12-01,219.0
DI YOGYAKARTA,2011-01-01,235.0
DI YOGYAKARTA,2011-02-01,175.0
DI YOGYAKARTA,2011-03-01,183.0
DI YOGYAKARTA,2011-05-01,84.0
DI YOGYAKARTA,2011-06-01,50.0
DI YOGYAKARTA,2011-07-01,30.0
DI YOGYAKARTA,2011-08-01,28.0
DI YOGYAKARTA,2011-09-01,12.0
DI YOGYAKARTA,2011-10-01,22.0
DI YOGYAKARTA,2011-11-01,26.0
DI YOGYAKARTA,2011-12-01,30.0
DI YOGYAKARTA,2012-01-01,58.0
DI YOGYAKARTA,2012-02-01,64.0
DI YOGYAKARTA,2012-03-01,67.0
DI YOGYAKARTA,2012-04-01,82.0
DI YOGYAKARTA,2012-05-01,89.0
DI YOGYAKARTA,2012-06-01,88.0
DI YOGYAKARTA,2012-07-01,75.0
DI YOGYAKARTA,2012-08-01,45.0
DI YOGYAKARTA,2012-09-01,37.0
DI YOGYAKARTA,2012-10-01,78.0
DI YOGYAKARTA,2012-11-01,87.0
DI YOGYAKARTA,2012-12-01,201.0
DI YOGYAKARTA,2013-01-01,463.0
DI YOGYAKARTA,2013-02-01,401.0
DI YOGYAKARTA,2013-03-01,442.0
DI YOGYAKARTA,2013-04-01,416.0
DI YOGYAKARTA,2013-05-01,303.0
DI YOGYAKARTA,2013-06-01,260.0
DI YOGYAKARTA,2013-07-01,261.0
DI YOGYAKARTA,2013-08-01,171.0
DI YOGYAKARTA,2013-09-01,148.0
DI YOGYAKARTA,2013-10-01,133.0
DI YOGYAKARTA,2013-11-01,161.0
DI YOGYAKARTA,2013-12-01,160.0
DI YOGYAKARTA,2014-01-01,177.0
DI YOGYAKARTA,2014-02-01,177.0
DI YOGYAKARTA,2014-03-01,193.0
DI YOGYAKARTA,2014-04-01,215.0
DI YOGYAKARTA,2014-05-01,219.0
DI YOGYAKARTA,2014-06-01,164.0
DI YOGYAKARTA,2014-07-01,130.0
DI YOGYAKARTA,2014-08-01,156.0
DI YOGYAKARTA,2014-09-01,144.0
DI YOGYAKARTA,2014-10-01,122.0
DI YOGYAKARTA,2014-11-01,146.0
DI YOGYAKARTA,2014-12-01,112.0
DI YOGYAKARTA,2015-01-01,534.0
DI YOGYAKARTA,2015-02-01,550.0
DI YOGYAKARTA,2015-03-01,440.0
DI YOGYAKARTA,2015-04-01,424.0
DI YOGYAKARTA,2015-05-01,414.0
DI YOGYAKARTA,2015-06-01,361.0
DI YOGYAKARTA,2015-07-01,234.0
DI YOGYAKARTA,2015-08-01,132.0
DI YOGYAKARTA,2015-09-01,113.0
DI YOGYAKARTA,2015-10-01,93.0
DI YOGYAKARTA,2015-11-01,80.0
DI YOGYAKARTA,2015-12-01,45.0
DI YOGYAKARTA,2016-01-01,529.0
DI YOGYAKARTA,2016-03-01,577.0
DI YOGYAKARTA,2016-04-01,538.0
DI YOGYAKARTA,2016-05-01,594.0
DI YOGYAKARTA,2016-06-01,613.0
DI YOGYAKARTA,2016-07-01,479.0
DI YOGYAKARTA,2016-08-01,584.0
DI YOGYAKARTA,2016-09-01,545.0
DI YOGYAKARTA,2016-10-01,454.0
DI YOGYAKARTA,2016-11-01,525.0
DI YOGYAKARTA,2016-12-01,259.0
DI YOGYAKARTA,2017-01-01,547.0
DI YOGYAKARTA,2017-02-01,261.0
DI YOGYAKARTA,2017-03-01,233.0
DI YOGYAKARTA,2017-04-01,141.0
DI YOGYAKARTA,2017-05-01,119.0
DI YOGYAKARTA,2017-06-01,86.0
DI YOGYAKARTA,2017-07-01,43.0
DI YOGYAKARTA,2017-08-01,49.0
DI YOGYAKARTA,2017-09-01,23.0
DI YOGYAKARTA,2017-10-01,39.0
DI YOGYAKARTA,2017-11-01,71.0
DI YOGYAKARTA,2017-12-01,30.0
DI YOGYAKARTA,2018-01-01,73.0
DI YOGYAKARTA,2018-02-01,59.0
DI YOGYAKARTA,2018-03-01,38.0
DI YOGYAKARTA,2018-04-01,51.0
DI YOGYAKARTA,2018-05-01,52.0
DI YOGYAKARTA,2018-06-01,34.0
DI YOGYAKARTA,2018-07-01,38.0
DI YOGYAKARTA,2018-08-01,26.0
DI YOGYAKARTA,2018-09-01,29.0
DI YOGYAKARTA,2018-10-01,54.0
DI YOGYAKARTA,2018-11-01,52.0
DI YOGYAKARTA,2018-12-01,41.0
DI YOGYAKARTA,2019-01-01,354.0
DI YOGYAKARTA,2019-02-01,365.0
DI YOGYAKARTA,2019-03-01,389.0
DI YOGYAKARTA,2019-04-01,472.0
DI YOGYAKARTA,2019-05-01,524.0
DI YOGYAKARTA,2019-06-01,305.0
DI YOGYAKARTA,2019-07-01,229.0
DI YOGYAKARTA,2019-08-01,123.0
DI YOGYAKARTA,2019-09-01,104.0
DI YOGYAKARTA,2019-10-01,113.0
DI YOGYAKARTA,2019-11-01,130.0
DI YOGYAKARTA,2019-12-01,193.0
DI YOGYAKARTA,2020-01-01,481.0
DI YOGYAKARTA,2020-02-01,684.0
DI YOGYAKARTA,2020-03-01,713.0
DI YOGYAKARTA,2020-04-01,532.0
DI YOGYAKARTA,2020-05-01,370.0
DI YOGYAKARTA,2020-06-01,247.0
DI YOGYAKARTA,2020-07-01,160.0
DI YOGYAKARTA,2020-08-01,81.0
DI YOGYAKARTA,2020-10-01,73.0
DI YOGYAKARTA,2020-11-01,112.0
DI YOGYAKARTA,2020-12-01,97.0
DI YOGYAKARTA,2021-01-01,103.0
DI YOGYAKARTA,2021-02-01,91.0
DI YOGYAKARTA,2021-03-01,93.0
DI YOGYAKARTA,2021-04-01,97.0
DI YOGYAKARTA,2021-05-01,80.0
DI YOGYAKARTA,2021-06-01,45.0
DI YOGYAKARTA,2021-07-01,22.0
DI YOGYAKARTA,2021-08-01,29.0
DI YOGYAKARTA,2021-09-01,56.0
DI YOGYAKARTA,2021-10-01,83.0
DI YOGYAKARTA,2021-11-01,168.0
DI YOGYAKARTA,2021-12-01,319.0
DI YOGYAKARTA,2022-01-01,479.0
DI YOGYAKARTA,2022-02-01,157.0
DI YOGYAKARTA,2022-03-01,133.0
DI YOGYAKARTA,2022-04-01,163.0
DI YOGYAKARTA,2022-05-01,220.0
DI YOGYAKARTA,2022-06-01,188.0
DI YOGYAKARTA,2022-07-01,198.0
DI YOGYAKARTA,2022-08-01,165.0
DI YOGYAKARTA,2022-09-01,111.0
DI YOGYAKARTA,2022-10-01,120.0
DI YOGYAKARTA,2022-11-01,97.0
DI YOGYAKARTA,2022-12-01,133.0
DI YOGYAKARTA,2023-01-01,154.0
DI YOGYAKARTA,2023-02-01,81.0
DI YOGYAKARTA,2023-03-01,52.0
DI YOGYAKARTA,2023-04-01,42.0
DI YOGYAKARTA,2023-05-01,51.0
DI YOGYAKARTA,2023-06-01,40.0
DI YOGYAKARTA,2023-07-01,48.0
DI YOGYAKARTA,2023-08-01,47.0
DI YOGYAKARTA,2023-09-01,47.0
DI YOGYAKARTA,2023-10-01,58.0
DI YOGYAKARTA,2023-11-01,54.0
DI YOGYAKARTA,2023-12-01,26.0
DI YOGYAKARTA,2024-01-01,140.0
DI YOGYAKARTA,2024-02-01,302.0
DI YOGYAKARTA,2024-03-01,541.0
DI YOGYAKARTA,2024-04-01,486.0
DI YOGYAKARTA,2024-05-01,508.0
DI YOGYAKARTA,2024-06-01,379.0
DI YOGYAKARTA,2024-07-01,263.0
DKI JAKARTA,2004-01-01,1625.0
DKI JAKARTA,2004-02-01,7072.0
DKI JAKARTA,2004-03-01,7052.0
DKI JAKARTA,2004-04-01,1478.0
DKI JAKARTA,2004-05-01,702.0
DKI JAKARTA,2004-06-01,573.0
DKI JAKARTA,2004-07-01,498.0
DKI JAKARTA,2004-08-01,36.0
DKI JAKARTA,2005-01-01,1172.0
DKI JAKARTA,2005-02-01,2484.0
DKI JAKARTA,2005-03-01,1626.0
DKI JAKARTA,2005-04-01,1238.0
DKI JAKARTA,2005-05-01,1474.0
DKI JAKARTA,2005-06-01,1352.0
DKI JAKARTA,2005-07-01,1385.0
DKI JAKARTA,2005-08-01,2525.0
DKI JAKARTA,2005-09-01,1902.0
DKI JAKARTA,2005-10-01,2148.0
DKI JAKARTA,2005-11-01,2624.0
DKI JAKARTA,2005-12-01,3257.0
DKI JAKARTA,2006-01-01,2471.0
DKI JAKARTA,2006-02-01,2432.0
DKI JAKARTA,2006-03-01,2875.0
DKI JAKARTA,2006-04-01,2982.0
DKI JAKARTA,2007-01-01,2460.0
DKI JAKARTA,2007-02-01,3550.0
DKI JAKARTA,2007-03-01,4407.0
DKI JAKARTA,2007-04-01,5112.0
DKI JAKARTA,2007-05-01,4563.0
DKI JAKARTA,2007-06-01,3740.0
DKI JAKARTA,2007-07-01,2748.0
DKI JAKARTA,2007-08-01,1614.0
DKI JAKARTA,2007-09-01,952.0
DKI JAKARTA,2007-10-01,654.0
DKI JAKARTA,2007-11-01,687.0
DKI JAKARTA,2007-12-01,1349.0
DKI JAKARTA,2008-01-01,3047.0
DKI JAKARTA,2008-02-01,2620.0
DKI JAKARTA,2008-03-01,2848.0
DKI JAKARTA,2008-04-01,3741.0
DKI JAKARTA,2008-05-01,4772.0
DKI JAKARTA,2008-06-01,3547.0
DKI JAKARTA,2008-07-01,2099.0
DKI JAKARTA,2008-08-01,1077.0
DKI JAKARTA,2008-09-01,826.0
DKI JAKARTA,2008-10-01,956.0
DKI JAKARTA,2008-11-01,1051.0
DKI JAKARTA,2008-12-01,1777.0
DKI JAKARTA,2009-01-01,3129.0
DKI JAKARTA,2009-02-01,3084.0
DKI JAKARTA,2009-03-01,4175.0
DKI JAKARTA,2009-04-01,4269.0
DKI JAKARTA,2009-05-01,3701.0
DKI JAKARTA,2009-06-01,2988.0
DKI JAKARTA,2009-07-01,2710.0
DKI JAKARTA,2009-08-01,1384.0
DKI JAKARTA,2009-09-01,679.0
DKI JAKARTA,2009-10-01,566.0
DKI JAKARTA,2009-11-01,540.0
DKI JAKARTA,2009-12-01,807.0
DKI JAKARTA,2010-01-01,1486.0
DKI JAKARTA,2010-02-01,1815.0
DKI JAKARTA,2010-03-01,2570.0
DKI JAKARTA,2010-04-01,2431.0
DKI JAKARTA,2010-05-01,1640.0
DKI JAKARTA,2010-06-01,1193.0
DKI JAKARTA,2010-07-01,1387.0
DKI JAKARTA,2010-08-01,1569.0
DKI JAKARTA,2010-09-01,1302.0
DKI JAKARTA,2010-10-01,1181.0
DKI JAKARTA,2010-11-01,1544.0
DKI JAKARTA,2010-12-01,1155.0
DKI JAKARTA,2011-01-01,1093.0
DKI JAKARTA,2011-02-01,801.0
DKI JAKARTA,2011-03-01,820.0
DKI JAKARTA,2011-05-01,482.0
DKI JAKARTA,2011-06-01,565.0
DKI JAKARTA,2011-07-01,595.0
DKI JAKARTA,2011-08-01,534.0
DKI JAKARTA,2011-09-01,354.0
DKI JAKARTA,2011-10-01,339.0
DKI JAKARTA,2011-11-01,289.0
DKI JAKARTA,2011-12-01,231.0
DKI JAKARTA,2012-01-01,752.0
DKI JAKARTA,2012-02-01,848.0
DKI JAKARTA,2012-03-01,1004.0
DKI JAKARTA,2012-04-01,882.0
DKI JAKARTA,2012-05-01,886.0
DKI JAKARTA,2012-06-01,709.0
DKI JAKARTA,2012-07-01,524.0
DKI JAKARTA,2012-08-01,313.0
DKI JAKARTA,2012-09-01,190.0
DKI JAKARTA,2012-10-01,159.0
DKI JAKARTA,2012-11-01,163.0
DKI JAKARTA,2012-12-01,239.0
DKI JAKARTA,2013-01-01,695.0
DKI JAKARTA,2013-02-01,764.0
DKI JAKARTA,2013-03-01,818.0
DKI JAKARTA,2013-04-01,1200.0
DKI JAKARTA,2013-05-01,1195.0
DKI JAKARTA,2013-06-01,993.0
DKI JAKARTA,2013-07-01,1145.0
DKI JAKARTA,2013-08-01,1251.0
DKI JAKARTA,2013-09-01,758.0
DKI JAKARTA,2013-10-01,484.0
DKI JAKARTA,2013-11-01,393.0
DKI JAKARTA,2013-12-01,460.0
DKI JAKARTA,2014-01-01,865.0
DKI JAKARTA,2014-02-01,1067.0
DKI JAKARTA,2014-03-01,1476.0
DKI JAKARTA,2014-04-01,1417.0
DKI JAKARTA,2014-05-01,1059.0
DKI JAKARTA,2014-06-01,617.0
DKI JAKARTA,2014-07-01,578.0
DKI JAKARTA,2014-08-01,576.0
DKI JAKARTA,2014-09-01,357.0
DKI JAKARTA,2014-10-01,224.0
DKI JAKARTA,2014-11-01,123.0
DKI JAKARTA,2014-12-01,88.0
DKI JAKARTA,2015-01-01,443.0
DKI JAKARTA,2015-02-01,528.0
DKI JAKARTA,2015-03-01,755.0
DKI JAKARTA,2015-04-01,1006.0
DKI JAKARTA,2015-05-01,725.0
DKI JAKARTA,2015-06-01,548.0
DKI JAKARTA,2015-07-01,331.0
DKI JAKARTA,2015-08-01,173.0
DKI JAKARTA,2015-09-01,133.0
DKI JAKARTA,2015-10-01,116.0
DKI JAKARTA,2015-11-01,113.0
DKI JAKARTA,2015-12-01,83.0
DKI JAKARTA,2016-01-01,980.0
DKI JAKARTA,2016-03-01,3089.0
DKI JAKARTA,2016-04-01,3781.0
DKI JAKARTA,2016-05-01,2162.0
DKI JAKARTA,2016-06-01,1606.0
DKI JAKARTA,2016-07-01,1184.0
DKI JAKARTA,2016-08-01,1233.0
DKI JAKARTA,2016-09-01,1103.0
DKI JAKARTA,2016-10-01,1036.0
DKI JAKARTA,2016-11-01,1153.0
DKI JAKARTA,2016-12-01,877.0
DKI JAKARTA,2017-01-01,665.0
DKI JAKARTA,2017-02-01,357.0
DKI JAKARTA,2017-03-01,464.0
DKI JAKARTA,2017-04-01,367.0
DKI JAKARTA,2017-05-01,373.0
DKI JAKARTA,2017-06-01,187.0
DKI JAKARTA,2017-07-01,160.0
DKI JAKARTA,2017-08-01,131.0
DKI JAKARTA,2017-09-01,84.0
DKI JAKARTA,2017-10-01,203.0
DKI JAKARTA,2017-11-01,193.0
DKI JAKARTA,2017-12-01,166.0
DKI JAKARTA,2018-01-01,200.0
DKI JAKARTA,2018-02-01,198.0
DKI JAKARTA,2018-03-01,286.0
DKI JAKARTA,2018-04-01,417.0
DKI JAKARTA,2018-05-01,496.0
DKI JAKARTA,2018-06-01,306.0
DKI JAKARTA,2018-07-01,246.0
DKI JAKARTA,2018-08-01,177.0
DKI JAKARTA,2018-09-01,113.0
DKI JAKARTA,2018-10-01,110.0
DKI JAKARTA,2018-11-01,136.0
DKI JAKARTA,2018-12-01,280.0
DKI JAKARTA,2019-01-01,989.0
DKI JAKARTA,2019-02-01,1567.0
DKI JAKARTA,2019-03-01,1983.0
DKI JAKARTA,2019-04-01,1173.0
DKI JAKARTA,2019-05-01,1375.0
DKI JAKARTA,2019-06-01,802.0
DKI JAKARTA,2019-07-01,323.0
DKI JAKARTA,2019-08-01,122.0
DKI JAKARTA,2019-09-01,61.0
DKI JAKARTA,2019-10-01,73.0
DKI JAKARTA,2019-11-01,103.0
DKI JAKARTA,2019-12-01,134.0
DKI JAKARTA,2020-01-01,275.0
DKI JAKARTA,2020-02-01,628.0
DKI JAKARTA,2020-03-01,1310.0
DKI JAKARTA,2020-04-01,1028.0
DKI JAKARTA,2020-05-01,717.0
DKI JAKARTA,2020-06-01,350.0
DKI JAKARTA,2020-07-01,140.0
DKI JAKARTA,2020-08-01,75.0
DKI JAKARTA,2020-10-01,36.0
DKI JAKARTA,2020-11-01,59.0
DKI JAKARTA,2020-12-01,77.0
DKI JAKARTA,2021-01-01,65.0
DKI JAKARTA,2021-02-01,76.0
DKI JAKARTA,2021-03-01,186.0
DKI JAKARTA,2021-04-01,307.0
DKI JAKARTA,2021-05-01,450.0
DKI JAKARTA,2021-06-01,260.0
DKI JAKARTA,2021-07-01,181.0
DKI JAKARTA,2021-08-01,256.0
DKI JAKARTA,2021-09-01,254.0
DKI JAKARTA,2021-10-01,260.0
DKI JAKARTA,2021-11-01,327.0
DKI JAKARTA,2021-12-01,470.0
DKI JAKARTA,2022-01-01,718.0
DKI JAKARTA,2022-02-01,455.0
DKI JAKARTA,2022-03-01,821.0
DKI JAKARTA,2022-04-01,954.0
DKI JAKARTA,2022-05-01,1055.0
DKI JAKARTA,2022-06-01,872.0
DKI JAKARTA,2022-07-01,964.0
DKI JAKARTA,2022-08-01,640.0
DKI JAKARTA,2022-09-01,456.0
DKI JAKARTA,2022-10-01,358.0
DKI JAKARTA,2022-11-01,428.0
DKI JAKARTA,2022-12-01,417.0
DKI JAKARTA,2023-01-01,525.0
DKI JAKARTA,2023-02-01,434.0
DKI JAKARTA,2023-03-01,494.0
DKI JAKARTA,2023-04-01,499.0
DKI JAKARTA,2023-05-01,480.0
DKI JAKARTA,2023-06-01,319.0
DKI JAKARTA,2023-07-01,308.0
DKI JAKARTA,2023-08-01,242.0
DKI JAKARTA,2023-09-01,189.0
DKI JAKARTA,2023-10-01,183.0
DKI JAKARTA,2023-11-01,118.0
DKI JAKARTA,2023-12-01,117.0
DKI JAKARTA,2024-01-01,310.0
DKI JAKARTA,2024-02-01,767.0
DKI JAKARTA,2024-03-01,2204.0
DKI JAKARTA,2024-04-01,3164.0
DKI JAKARTA,2024-05-01,3019.0
DKI JAKARTA,2024-06-01,1202.0
DKI JAKARTA,2024-07-01,712.0
JAWA BARAT,2004-01-01,1899.0
JAWA BARAT,2004-02-01,4467.0
JAWA BARAT,2004-03-01,8389.0
JAWA BARAT,2004-04-01,1625.0
JAWA BARAT,2004-05-01,604.0
JAWA BARAT,2004-06-01,433.0
JAWA BARAT,2004-07-01,204.0
JAWA BARAT,2005-01-01,1060.0
JAWA BARAT,2005-02-01,2046.0
JAWA BARAT,2005-03-01,1546.0
JAWA BARAT,2005-04-01,955.0
JAWA BARAT,2005-05-01,1023.0
JAWA BARAT,2005-06-01,1297.0
JAWA BARAT,2005-07-01,1245.0
JAWA BARAT,2005-08-01,1818.0
JAWA BARAT,2005-09-01,1468.0
JAWA BARAT,2005-10-01,1534.0
JAWA BARAT,2005-11-01,1320.0
JAWA BARAT,2005-12-01,160.0
JAWA BARAT,2006-01-01,2972.0
JAWA BARAT,2006-02-01,2422.0
JAWA BARAT,2006-03-01,2768.0
JAWA BARAT,2006-04-01,2119.0
JAWA BARAT,2007-01-01,4532.0
JAWA BARAT,2007-02-01,5765.0
JAWA BARAT,2007-03-01,4317.0
JAWA BARAT,2007-04-01,3060.0
JAWA BARAT,2007-05-01,3109.0
JAWA BARAT,2007-06-01,2691.0
JAWA BARAT,2007-07-01,2095.0
JAWA BARAT,2007-08-01,1398.0
JAWA BARAT,2007-09-01,895.0
JAWA BARAT,2007-10-01,736.0
JAWA BARAT,2007-11-01,917.0
JAWA BARAT,2007-12-01,1021.0
JAWA BARAT,2008-01-01,2245.0
JAWA BARAT,2008-02-01,2552.0
JAWA BARAT,2008-03-01,2029.0
JAWA BARAT,2008-04-01,2298.0
JAWA BARAT,2008-05-01,2618.0
JAWA BARAT,2008-06-01,2285.0
JAWA BARAT,2008-07-01,1729.0
JAWA BARAT,2008-08-01,1170.0
JAWA BARAT,2008-09-01,1130.0
JAWA BARAT,2008-10-01,1381.0
JAWA BARAT,2008-11-01,1907.0
JAWA BARAT,2008-12-01,1904.0
JAWA BARAT,2009-01-01,5251.0
JAWA BARAT,2009-02-01,4686.0
JAWA BARAT,2009-03-01,4692.0
JAWA BARAT,2009-04-01,4604.0
JAWA BARAT,2009-05-01,4279.0
JAWA BARAT,2009-06-01,3600.0
JAWA BARAT,2009-07-01,2836.0
JAWA BARAT,2009-08-01,2181.0
JAWA BARAT,2009-09-01,1398.0
JAWA BARAT,2009-10-01,1205.0
JAWA BARAT,2009-11-01,1494.0
JAWA BARAT,2009-12-01,1635.0
JAWA BARAT,2010-01-01,3183.0
JAWA BARAT,2010-02-01,3221.0
JAWA BARAT,2010-03-01,2778.0
JAWA BARAT,2010-04-01,2891.0
JAWA BARAT,2010-05-01,2694.0
JAWA BARAT,2010-06-01,2235.0
JAWA BARAT,2010-07-01,2100.0
JAWA BARAT,2010-08-01,2010.0
JAWA BARAT,2010-09-01,1651.0
JAWA BARAT,2010-10-01,1455.0
JAWA BARAT,2010-11-01,893.0
JAWA BARAT,2010-12-01,616.0
JAWA BARAT,2011-01-01,2016.0
JAWA BARAT,2011-02-01,1418.0
JAWA BARAT,2011-03-01,1385.0
JAWA BARAT,2011-05-01,1218.0
JAWA BARAT,2011-06-01,1134.0
JAWA BARAT,2011-07-01,1257.0
JAWA BARAT,2011-08-01,1024.0
JAWA BARAT,2011-09-01,852.0
JAWA BARAT,2011-10-01,754.0
JAWA BARAT,2011-11-01,770.0
JAWA BARAT,2011-12-01,1081.0
JAWA BARAT,2012-01-01,2007.0
JAWA BARAT,2012-02-01,2238.0
JAWA BARAT,2012-03-01,2207.0
JAWA BARAT,2012-04-01,2017.0
JAWA BARAT,2012-05-01,2033.0
JAWA BARAT,2012-06-01,1986.0
JAWA BARAT,2012-07-01,1812.0
JAWA BARAT,2012-08-01,1301.0
JAWA BARAT,2012-09-01,952.0
JAWA BARAT,2012-10-01,930.0
JAWA BARAT,2012-11-01,938.0
JAWA BARAT,2012-12-01,1242.0
JAWA BARAT,2013-01-01,2684.0
JAWA BARAT,2013-02-01,2330.0
JAWA BARAT,2013-03-01,2359.0
JAWA BARAT,2013-04-01,2490.0
JAWA BARAT,2013-05-01,2393.0
JAWA BARAT,2013-06-01,2316.0
JAWA BARAT,2013-07-01,1991.0
JAWA BARAT,2013-08-01,1750.0
JAWA BARAT,2013-09-01,1423.0
JAWA BARAT,2013-10-01,1241.0
JAWA BARAT,2013-11-01,1091.0
JAWA BARAT,2013-12-01,1050.0
JAWA BARAT,2014-01-01,1815.0
JAWA BARAT,2014-02-01,1612.0
JAWA BARAT,2014-03-01,1811.0
JAWA BARAT,2014-04-01,1891.0
JAWA BARAT,2014-05-01,2047.0
JAWA BARAT,2014-06-01,1799.0
JAWA BARAT,2014-07-01,1472.0
JAWA BARAT,2014-08-01,1584.0
JAWA BARAT,2014-09-01,1339.0
JAWA BARAT,2014-10-01,1057.0
JAWA BARAT,2014-11-01,894.0
JAWA BARAT,2014-12-01,795.0
JAWA BARAT,2015-01-01,3134.0
JAWA BARAT,2015-02-01,2603.0
JAWA BARAT,2015-03-01,2276.0
JAWA BARAT,2015-04-01,2364.0
JAWA BARAT,2015-05-01,2643.0
JAWA BARAT,2015-06-01,2195.0
JAWA BARAT,2015-07-01,1519.0
JAWA BARAT,2015-08-01,1041.0
JAWA BARAT,2015-09-01,776.0
JAWA BARAT,2015-10-01,751.0
JAWA BARAT,2015-11-01,983.0
JAWA BARAT,2015-12-01,952.0
JAWA BARAT,2016-01-01,4896.0
JAWA BARAT,2016-03-01,4659.0
JAWA BARAT,2016-04-01,4226.0
JAWA BARAT,2016-05-01,4013.0
JAWA BARAT,2016-06-01,3741.0
JAWA BARAT,2016-07-01,2924.0
JAWA BARAT,2016-08-01,2274.0
JAWA BARAT,2016-09-01,1650.0
JAWA BARAT,2016-10-01,1385.0
JAWA BARAT,2016-11-01,1007.0
JAWA BARAT,2016-12-01,773.0
JAWA BARAT,2017-01-01,2564.0
JAWA BARAT,2017-02-01,895.0
JAWA BARAT,2017-03-01,914.0
JAWA BARAT,2017-04-01,857.0
JAWA BARAT,2017-05-01,854.0
JAWA BARAT,2017-06-01,729.0
JAWA BARAT,2017-07-01,531.0
JAWA BARAT,2017-08-01,464.0
JAWA BARAT,2017-09-01,400.0
JAWA BARAT,2017-10-01,516.0
JAWA BARAT,2017-11-01,648.0
JAWA BARAT,2017-12-01,644.0
JAWA BARAT,2018-01-01,986.0
JAWA BARAT,2018-02-01,629.0
JAWA BARAT,2018-03-01,803.0
JAWA BARAT,2018-04-01,964.0
JAWA BARAT,2018-05-01,1007.0
JAWA BARAT,2018-06-01,894.0
JAWA BARAT,2018-07-01,836.0
JAWA BARAT,2018-08-01,620.0
JAWA BARAT,2018-09-01,504.0
JAWA BARAT,2018-10-01,473.0
JAWA BARAT,2018-11-01,613.0
JAWA BARAT,2018-12-01,403.0
JAWA BARAT,2019-01-01,4505.0
JAWA BARAT,2019-02-01,3895.0
JAWA BARAT,2019-03-01,3158.0
JAWA BARAT,2019-04-01,3158.0
JAWA BARAT,2019-05-01,2574.0
JAWA BARAT,2019-06-01,2171.0
JAWA BARAT,2019-07-01,1552.0
JAWA BARAT,2019-08-01,869.0
JAWA BARAT,2019-09-01,430.0
JAWA BARAT,2019-10-01,362.0
JAWA BARAT,2019-11-01,363.0
JAWA BARAT,2019-12-01,446.0
JAWA BARAT,2020-01-01,2438.0
JAWA BARAT,2020-02-01,2791.0
JAWA BARAT,2020-03-01,3226.0
JAWA BARAT,2020-04-01,2684.0
JAWA BARAT,2020-05-01,2636.0
JAWA BARAT,2020-06-01,2621.0
JAWA BARAT,2020-07-01,2310.0
JAWA BARAT,2020-08-01,1132.0
JAWA BARAT,2020-10-01,592.0
JAWA BARAT,2020-11-01,723.0
JAWA BARAT,2020-12-01,710.0
JAWA BARAT,2021-01-01,913.0
JAWA BARAT,2021-02-01,902.0
JAWA BARAT,2021-03-01,1319.0
JAWA BARAT,2021-04-01,2085.0
JAWA BARAT,2021-05-01,2467.0
JAWA BARAT,2021-06-01,1858.0
JAWA BARAT,2021-07-01,1395.0
JAWA BARAT,2021-08-01,1506.0
JAWA BARAT,2021-09-01,1600.0
JAWA BARAT,2021-10-01,2104.0
JAWA BARAT,2021-11-01,3242.0
JAWA BARAT,2021-12-01,4568.0
JAWA BARAT,2022-01-01,5940.0
JAWA BARAT,2022-02-01,3512.0
JAWA BARAT,2022-03-01,3168.0
JAWA BARAT,2022-04-01,3070.0
JAWA BARAT,2022-05-01,3710.0
JAWA BARAT,2022-06-01,3488.0
JAWA BARAT,2022-07-01,3105.0
JAWA BARAT,2022-08-01,2841.0
JAWA BARAT,2022-09-01,2383.0
JAWA BARAT,2022-10-01,1934.0
JAWA BARAT,2022-11-01,1766.0
JAWA BARAT,2022-12-01,1691.0
JAWA BARAT,2023-01-01,1963.0
JAWA BARAT,2023-02-01,1652.0
JAWA BARAT,2023-03-01,1613.0
JAWA BARAT,2023-04-01,1273.0
JAWA BARAT,2023-05-01,1708.0
JAWA BARAT,2023-06-01,1578.0
JAWA BARAT,2023-07-01,1561.0
JAWA BARAT,2023-08-01,1791.0
JAWA BARAT,2023-09-01,1469.0
JAWA BARAT,2023-10-01,1323.0
JAWA BARAT,2023-11-01,1326.0
JAWA BARAT,2023-12-01,2071.0
JAWA BARAT,2024-01-01,4833.0
JAWA BARAT,2024-02-01,6245.0
JAWA BARAT,2024-03-01,8161.0
JAWA BARAT,2024-04-01,8106.0
JAWA BARAT,2024-05-01,8587.0
JAWA BARAT,2024-06-01,6503.0
JAWA BARAT,2024-07-01,4717.0
JAWA TENGAH,2004-01-01,1804.0
JAWA TENGAH,2004-02-01,2056.0
JAWA TENGAH,2004-03-01,3200.0
JAWA TENGAH,2004-04-01,748.0
JAWA TENGAH,2004-05-01,365.0
JAWA TENGAH,2004-06-01,147.0
JAWA TENGAH,2005-01-01,237.0
JAWA TENGAH,2005-02-01,507.0
JAWA TENGAH,2005-03-01,504.0
JAWA TENGAH,2005-04-01,384.0
JAWA TENGAH,2005-05-01,351.0
JAWA TENGAH,2005-06-01,398.0
JAWA TENGAH,2005-07-01,187.0
JAWA TENGAH,2005-08-01,339.0
JAWA TENGAH,2005-09-01,39.0
JAWA TENGAH,2006-01-01,1529.0
JAWA TENGAH,2006-02-01,1359.0
JAWA TENGAH,2006-03-01,1702.0
JAWA TENGAH,2006-04-01,1139.0
JAWA TENGAH,2007-01-01,2518.0
JAWA TENGAH,2007-02-01,3493.0
JAWA TENGAH,2007-03-01,2419.0
JAWA TENGAH,2007-04-01,1976.0
JAWA TENGAH,2007-05-01,2167.0
JAWA TENGAH,2007-06-01,1255.0
JAWA TENGAH,2007-07-01,1136.0
JAWA TENGAH,2007-08-01,1136.0
JAWA TENGAH,2007-09-01,767.0
JAWA TENGAH,2007-10-01,723.0
JAWA TENGAH,2007-11-01,1255.0
JAWA TENGAH,2007-12-01,1546.0
JAWA TENGAH,2008-01-01,3999.0
JAWA TENGAH,2008-02-01,2867.0
JAWA TENGAH,2008-03-01,1945.0
JAWA TENGAH,2008-04-01,2198.0
JAWA TENGAH,2008-05-01,1842.0
JAWA TENGAH,2008-06-01,1149.0
JAWA TENGAH,2008-07-01,923.0
JAWA TENGAH,2008-08-01,501.0
JAWA TENGAH,2008-09-01,547.0
JAWA TENGAH,2008-10-01,730.0
JAWA TENGAH,2008-11-01,1037.0
JAWA TENGAH,2008-12-01,1497.0
JAWA TENGAH,2009-01-01,2316.0
JAWA TENGAH,2009-02-01,1957.0
JAWA TENGAH,2009-03-01,2219.0
JAWA TENGAH,2009-04-01,1738.0
JAWA TENGAH,2009-05-01,1486.0
JAWA TENGAH,2009-06-01,1519.0
JAWA TENGAH,2009-07-01,1756.0
JAWA TENGAH,2009-08-01,1300.0
JAWA TENGAH,2009-09-01,944.0
JAWA TENGAH,2009-10-01,676.0
JAWA TENGAH,2009-11-01,820.0
JAWA TENGAH,2009-12-01,1150.0
JAWA TENGAH,2010-01-01,2656.0
JAWA TENGAH,2010-02-01,2777.0
JAWA TENGAH,2010-03-01,2871.0
JAWA TENGAH,2010-04-01,2860.0
JAWA TENGAH,2010-05-01,1801.0
JAWA TENGAH,2010-06-01,1182.0
JAWA TENGAH,2010-07-01,1397.0
JAWA TENGAH,2010-08-01,997.0
JAWA TENGAH,2010-09-01,936.0
JAWA TENGAH,2010-10-01,856.0
JAWA TENGAH,2010-11-01,835.0
JAWA TENGAH,2010-12-01,703.0
JAWA TENGAH,2011-01-01,813.0
JAWA TENGAH,2011-02-01,632.0
JAWA TENGAH,2011-03-01,663.0
JAWA TENGAH,2011-05-01,415.0
JAWA TENGAH,2011-06-01,375.0
JAWA TENGAH,2011-07-01,251.0
JAWA TENGAH,2011-08-01,233.0
JAWA TENGAH,2011-09-01,192.0
JAWA TENGAH,2011-10-01,177.0
JAWA TENGAH,2011-11-01,146.0
JAWA TENGAH,2011-12-01,111.0
JAWA TENGAH,2012-01-01,540.0
JAWA TENGAH,2012-02-01,527.0
JAWA TENGAH,2012-03-01,575.0
JAWA TENGAH,2012-04-01,532.0
JAWA TENGAH,2012-05-01,551.0
JAWA TENGAH,2012-06-01,411.0
JAWA TENGAH,2012-07-01,439.0
JAWA TENGAH,2012-08-01,362.0
JAWA TENGAH,2012-09-01,417.0
JAWA TENGAH,2012-10-01,623.0
JAWA TENGAH,2012-11-01,807.0
JAWA TENGAH,2012-12-01,1304.0
JAWA TENGAH,2013-01-01,2870.0
JAWA TENGAH,2013-02-01,1921.0
JAWA TENGAH,2013-03-01,1585.0
JAWA TENGAH,2013-04-01,1645.0
JAWA TENGAH,2013-05-01,1625.0
JAWA TENGAH,2013-06-01,1035.0
JAWA TENGAH,2013-07-01,1043.0
JAWA TENGAH,2013-08-01,761.0
JAWA TENGAH,2013-09-01,623.0
JAWA TENGAH,2013-10-01,791.0
JAWA TENGAH,2013-11-01,544.0
JAWA TENGAH,2013-12-01,701.0
JAWA TENGAH,2014-01-01,1017.0
JAWA TENGAH,2014-02-01,1118.0
JAWA TENGAH,2014-03-01,738.0
JAWA TENGAH,2014-04-01,1126.0
JAWA TENGAH,2014-05-01,843.0
JAWA TENGAH,2014-06-01,760.0
JAWA TENGAH,2014-07-01,893.0
JAWA TENGAH,2014-08-01,843.0
JAWA TENGAH,2014-09-01,791.0
JAWA TENGAH,2014-10-01,1067.0
JAWA TENGAH,2014-11-01,840.0
JAWA TENGAH,2014-12-01,1039.0
JAWA TENGAH,2015-01-01,2807.0
JAWA TENGAH,2015-02-01,2655.0
JAWA TENGAH,2015-03-01,2049.0
JAWA TENGAH,2015-04-01,2305.0
JAWA TENGAH,2015-05-01,1544.0
JAWA TENGAH,2015-06-01,1349.0
JAWA TENGAH,2015-07-01,1038.0
JAWA TENGAH,2015-08-01,573.0
JAWA TENGAH,2015-09-01,425.0
JAWA TENGAH,2015-10-01,440.0
JAWA TENGAH,2015-11-01,501.0
JAWA TENGAH,2015-12-01,712.0
JAWA TENGAH,2016-01-01,2042.0
JAWA TENGAH,2016-03-01,1897.0
JAWA TENGAH,2016-04-01,1996.0
JAWA TENGAH,2016-05-01,1587.0
JAWA TENGAH,2016-06-01,1044.0
JAWA TENGAH,2016-07-01,901.0
JAWA TENGAH,2016-08-01,593.0
JAWA TENGAH,2016-09-01,348.0
JAWA TENGAH,2016-10-01,567.0
JAWA TENGAH,2016-11-01,458.0
JAWA TENGAH,2016-12-01,426.0
JAWA TENGAH,2017-01-01,1404.0
JAWA TENGAH,2017-02-01,907.0
JAWA TENGAH,2017-03-01,773.0
JAWA TENGAH,2017-04-01,662.0
JAWA TENGAH,2017-05-01,504.0
JAWA TENGAH,2017-06-01,481.0
JAWA TENGAH,2017-07-01,482.0
JAWA TENGAH,2017-08-01,464.0
JAWA TENGAH,2017-09-01,363.0
JAWA TENGAH,2017-10-01,417.0
JAWA TENGAH,2017-11-01,424.0
JAWA TENGAH,2017-12-01,519.0
JAWA TENGAH,2018-01-01,322.0
JAWA TENGAH,2018-02-01,246.0
JAWA TENGAH,2018-03-01,253.0
JAWA TENGAH,2018-04-01,271.0
JAWA TENGAH,2018-05-01,200.0
JAWA TENGAH,2018-06-01,218.0
JAWA TENGAH,2018-07-01,300.0
JAWA TENGAH,2018-08-01,162.0
JAWA TENGAH,2018-09-01,160.0
JAWA TENGAH,2018-10-01,317.0
JAWA TENGAH,2018-11-01,305.0
JAWA TENGAH,2018-12-01,379.0
JAWA TENGAH,2019-01-01,1595.0
JAWA TENGAH,2019-02-01,1510.0
JAWA TENGAH,2019-03-01,1326.0
JAWA TENGAH,2019-04-01,1429.0
JAWA TENGAH,2019-05-01,1108.0
JAWA TENGAH,2019-06-01,698.0
JAWA TENGAH,2019-07-01,418.0
JAWA TENGAH,2019-08-01,213.0
JAWA TENGAH,2019-09-01,204.0
JAWA TENGAH,2019-10-01,193.0
JAWA TENGAH,2019-11-01,203.0
JAWA TENGAH,2019-12-01,227.0
JAWA TENGAH,2020-01-01,654.0
JAWA TENGAH,2020-02-01,967.0
JAWA TENGAH,2020-03-01,990.0
JAWA TENGAH,2020-04-01,697.0
JAWA TENGAH,2020-05-01,708.0
JAWA TENGAH,2020-06-01,484.0
JAWA TENGAH,2020-07-01,324.0
JAWA TENGAH,2020-08-01,223.0
JAWA TENGAH,2020-10-01,135.0
JAWA TENGAH,2020-11-01,186.0
JAWA TENGAH,2020-12-01,167.0
JAWA TENGAH,2021-01-01,224.0
JAWA TENGAH,2021-02-01,220.0
JAWA TENGAH,2021-03-01,355.0
JAWA TENGAH,2021-04-01,370.0
JAWA TENGAH,2021-05-01,411.0
JAWA TENGAH,2021-06-01,196.0
JAWA TENGAH,2021-07-01,127.0
JAWA TENGAH,2021-08-01,175.0
JAWA TENGAH,2021-09-01,221.0
JAWA TENGAH,2021-10-01,338.0
JAWA TENGAH,2021-11-01,788.0
JAWA TENGAH,2021-12-01,1043.0
JAWA TENGAH,2022-01-01,1880.0
JAWA TENGAH,2022-02-01,924.0
JAWA TENGAH,2022-03-01,926.0
JAWA TENGAH,2022-04-01,1190.0
JAWA TENGAH,2022-05-01,1134.0
JAWA TENGAH,2022-06-01,848.0
JAWA TENGAH,2022-07-01,1220.0
JAWA TENGAH,2022-08-01,902.0
JAWA TENGAH,2022-09-01,764.0
JAWA TENGAH,2022-10-01,869.0
JAWA TENGAH,2022-11-01,870.0
JAWA TENGAH,2022-12-01,949.0
JAWA TENGAH,2023-01-01,1159.0
JAWA TENGAH,2023-02-01,804.0
JAWA TENGAH,2023-03-01,717.0
JAWA TENGAH,2023-04-01,671.0
JAWA TENGAH,2023-05-01,692.0
JAWA TENGAH,2023-06-01,570.0
JAWA TENGAH,2023-07-01,444.0
JAWA TENGAH,2023-08-01,349.0
JAWA TENGAH,2023-09-01,278.0
JAWA TENGAH,2023-10-01,286.0
JAWA TENGAH,2023-11-01,285.0
JAWA TENGAH,2023-12-01,404.0
JAWA TENGAH,2024-01-01,1293.0
JAWA TENGAH,2024-02-01,1426.0
JAWA TENGAH,2024-03-01,1728.0
JAWA TENGAH,2024-04-01,2219.0
JAWA TENGAH,2024-05-01,2093.0
JAWA TENGAH,2024-06-01,1752.0
JAWA TENGAH,2024-07-01,1526.0
JAWA TIMUR,2004-01-01,1573.0
JAWA TIMUR,2004-02-01,1786.0
JAWA TIMUR,2004-03-01,3139.0
JAWA TIMUR,2004-04-01,516.0
JAWA TIMUR,2004-05-01,38.0
JAWA TIMUR,2005-01-01,809.0
JAWA TIMUR,2005-02-01,1282.0
JAWA TIMUR,2005-03-01,1225.0
JAWA TIMUR,2005-04-01,902.0
JAWA TIMUR,2005-05-01,932.0
JAWA TIMUR,2005-06-01,647.0
JAWA TIMUR,2005-07-01,619.0
JAWA TIMUR,2005-08-01,1151.0
JAWA TIMUR,2005-09-01,967.0
JAWA TIMUR,2005-10-01,1056.0
JAWA TIMUR,2005-11-01,1862.0
JAWA TIMUR,2005-12-01,870.0
JAWA TIMUR,2006-01-01,5778.0
JAWA TIMUR,2006-02-01,4404.0
JAWA TIMUR,2006-03-01,3106.0
JAWA TIMUR,2006-04-01,2127.0
JAWA TIMUR,2007-01-01,2648.0
JAWA TIMUR,2007-02-01,4326.0
JAWA TIMUR,2007-03-01,3853.0
JAWA TIMUR,2007-04-01,2654.0
JAWA TIMUR,2007-05-01,2714.0
JAWA TIMUR,2007-06-01,1971.0
JAWA TIMUR,2007-07-01,1424.0
JAWA TIMUR,2007-08-01,1041.0
JAWA TIMUR,2007-09-01,804.0
JAWA TIMUR,2007-10-01,794.0
JAWA TIMUR,2007-11-01,1516.0
JAWA TIMUR,2007-12-01,2205.0
JAWA TIMUR,2008-01-01,4082.0
JAWA TIMUR,2008-02-01,3189.0
JAWA TIMUR,2008-03-01,2128.0
JAWA TIMUR,2008-04-01,1785.0
JAWA TIMUR,2008-05-01,1428.0
JAWA TIMUR,2008-06-01,769.0
JAWA TIMUR,2008-07-01,489.0
JAWA TIMUR,2008-08-01,338.0
JAWA TIMUR,2008-09-01,366.0
JAWA TIMUR,2008-10-01,533.0
JAWA TIMUR,2008-11-01,919.0
JAWA TIMUR,2008-12-01,1284.0
JAWA TIMUR,2009-01-01,2486.0
JAWA TIMUR,2009-02-01,1987.0
JAWA TIMUR,2009-03-01,1904.0
JAWA TIMUR,2009-04-01,1868.0
JAWA TIMUR,2009-05-01,1596.0
JAWA TIMUR,2009-06-01,1478.0
JAWA TIMUR,2009-07-01,1469.0
JAWA TIMUR,2009-08-01,1021.0
JAWA TIMUR,2009-09-01,719.0
JAWA TIMUR,2009-10-01,823.0
JAWA TIMUR,2009-11-01,1146.0
JAWA TIMUR,2009-12-01,2134.0
JAWA TIMUR,2010-01-01,5601.0
JAWA TIMUR,2010-02-01,5253.0
JAWA TIMUR,2010-03-01,4028.0
JAWA TIMUR,2010-04-01,2476.0
JAWA TIMUR,2010-05-01,2173.0
JAWA TIMUR,2010-06-01,1701.0
JAWA TIMUR,2010-07-01,1230.0
JAWA TIMUR,2010-08-01,778.0
JAWA TIMUR,2010-09-01,465.0
JAWA TIMUR,2010-10-01,803.0
JAWA TIMUR,2010-11-01,857.0
JAWA TIMUR,2010-12-01,655.0
JAWA TIMUR,2011-01-01,1035.0
JAWA TIMUR,2011-02-01,682.0
JAWA TIMUR,2011-03-01,593.0
JAWA TIMUR,2011-05-01,486.0
JAWA TIMUR,2011-06-01,337.0
JAWA TIMUR,2011-07-01,308.0
JAWA TIMUR,2011-08-01,197.0
JAWA TIMUR,2011-09-01,196.0
JAWA TIMUR,2011-10-01,220.0
JAWA TIMUR,2011-11-01,342.0
JAWA TIMUR,2011-12-01,469.0
JAWA TIMUR,2012-01-01,1008.0
JAWA TIMUR,2012-02-01,756.0
JAWA TIMUR,2012-03-01,703.0
JAWA TIMUR,2012-04-01,646.0
JAWA TIMUR,2012-05-01,745.0
JAWA TIMUR,2012-06-01,499.0
JAWA TIMUR,2012-07-01,437.0
JAWA TIMUR,2012-08-01,341.0
JAWA TIMUR,2012-09-01,369.0
JAWA TIMUR,2012-10-01,642.0
JAWA TIMUR,2012-11-01,841.0
JAWA TIMUR,2012-12-01,1190.0
JAWA TIMUR,2013-01-01,3264.0
JAWA TIMUR,2013-02-01,2550.0
JAWA TIMUR,2013-03-01,2124.0
JAWA TIMUR,2013-04-01,1787.0
JAWA TIMUR,2013-05-01,1333.0
JAWA TIMUR,2013-06-01,951.0
JAWA TIMUR,2013-07-01,781.0
JAWA TIMUR,2013-08-01,521.0
JAWA TIMUR,2013-09-01,397.0
JAWA TIMUR,2013-10-01,357.0
JAWA TIMUR,2013-11-01,407.0
JAWA TIMUR,2013-12-01,423.0
JAWA TIMUR,2014-01-01,980.0
JAWA TIMUR,2014-02-01,918.0
JAWA TIMUR,2014-03-01,881.0
JAWA TIMUR,2014-04-01,837.0
JAWA TIMUR,2014-05-01,855.0
JAWA TIMUR,2014-06-01,784.0
JAWA TIMUR,2014-07-01,569.0
JAWA TIMUR,2014-08-01,640.0
JAWA TIMUR,2014-09-01,551.0
JAWA TIMUR,2014-10-01,600.0
JAWA TIMUR,2014-11-01,735.0
JAWA TIMUR,2014-12-01,923.0
JAWA TIMUR,2015-01-01,4584.0
JAWA TIMUR,2015-02-01,4379.0
JAWA TIMUR,2015-03-01,2645.0
JAWA TIMUR,2015-04-01,1941.0
JAWA TIMUR,2015-05-01,1508.0
JAWA TIMUR,2015-06-01,1194.0
JAWA TIMUR,2015-07-01,738.0
JAWA TIMUR,2015-08-01,607.0
JAWA TIMUR,2015-09-01,442.0
JAWA TIMUR,2015-10-01,554.0
JAWA TIMUR,2015-11-01,806.0
JAWA TIMUR,2015-12-01,740.0
JAWA TIMUR,2016-01-01,3590.0
JAWA TIMUR,2016-03-01,3370.0
JAWA TIMUR,2016-04-01,2578.0
JAWA TIMUR,2016-05-01,2278.0
JAWA TIMUR,2016-06-01,1523.0
JAWA TIMUR,2016-07-01,1346.0
JAWA TIMUR,2016-08-01,1265.0
JAWA TIMUR,2016-09-01,1146.0
JAWA TIMUR,2016-10-01,1115.0
JAWA TIMUR,2016-11-01,1251.0
JAWA TIMUR,2016-12-01,1135.0
JAWA TIMUR,2017-01-01,1682.0
JAWA TIMUR,2017-02-01,1187.0
JAWA TIMUR,2017-03-01,924.0
JAWA TIMUR,2017-04-01,681.0
JAWA TIMUR,2017-05-01,504.0
JAWA TIMUR,2017-06-01,384.0
JAWA TIMUR,2017-07-01,317.0
JAWA TIMUR,2017-08-01,334.0
JAWA TIMUR,2017-09-01,338.0
JAWA TIMUR,2017-10-01,431.0
JAWA TIMUR,2017-11-01,494.0
JAWA TIMUR,2017-12-01,562.0
JAWA TIMUR,2018-01-01,1114.0
JAWA TIMUR,2018-02-01,823.0
JAWA TIMUR,2018-03-01,768.0
JAWA TIMUR,2018-04-01,754.0
JAWA TIMUR,2018-05-01,755.0
JAWA TIMUR,2018-06-01,595.0
JAWA TIMUR,2018-07-01,534.0
JAWA TIMUR,2018-08-01,533.0
JAWA TIMUR,2018-09-01,533.0
JAWA TIMUR,2018-10-01,723.0
JAWA TIMUR,2018-11-01,789.0
JAWA TIMUR,2018-12-01,528.0
JAWA TIMUR,2019-01-01,5590.0
JAWA TIMUR,2019-02-01,4311.0
JAWA TIMUR,2019-03-01,2894.0
JAWA TIMUR,2019-04-01,1613.0
JAWA TIMUR,2019-05-01,1353.0
JAWA TIMUR,2019-06-01,762.0
JAWA TIMUR,2019-07-01,399.0
JAWA TIMUR,2019-08-01,225.0
JAWA TIMUR,2019-09-01,218.0
JAWA TIMUR,2019-10-01,263.0
JAWA TIMUR,2019-11-01,356.0
JAWA TIMUR,2019-12-01,413.0
JAWA TIMUR,2020-01-01,1069.0
JAWA TIMUR,2020-02-01,1665.0
JAWA TIMUR,2020-03-01,1533.0
JAWA TIMUR,2020-04-01,1085.0
JAWA TIMUR,2020-05-01,870.0
JAWA TIMUR,2020-06-01,649.0
JAWA TIMUR,2020-07-01,402.0
JAWA TIMUR,2020-08-01,242.0
JAWA TIMUR,2020-10-01,226.0
JAWA TIMUR,2020-11-01,279.0
JAWA TIMUR,2020-12-01,318.0
JAWA TIMUR,2021-01-01,674.0
JAWA TIMUR,2021-02-01,638.0
JAWA TIMUR,2021-03-01,738.0
JAWA TIMUR,2021-04-01,681.0
JAWA TIMUR,2021-05-01,525.0
JAWA TIMUR,2021-06-01,414.0
JAWA TIMUR,2021-07-01,120.0
JAWA TIMUR,2021-08-01,133.0
JAWA TIMUR,2021-09-01,205.0
JAWA TIMUR,2021-10-01,365.0
JAWA TIMUR,2021-11-01,817.0
JAWA TIMUR,2021-12-01,1450.0
JAWA TIMUR,2022-01-01,2912.0
JAWA TIMUR,2022-02-01,1325.0
JAWA TIMUR,2022-03-01,1017.0
JAWA TIMUR,2022-04-01,987.0
JAWA TIMUR,2022-05-01,1101.0
JAWA TIMUR,2022-06-01,1133.0
JAWA TIMUR,2022-07-01,916.0
JAWA TIMUR,2022-08-01,799.0
JAWA TIMUR,2022-09-01,658.0
JAWA TIMUR,2022-10-01,682.0
JAWA TIMUR,2022-11-01,795.0
JAWA TIMUR,2022-12-01,910.0
JAWA TIMUR,2023-01-01,1637.0
JAWA TIMUR,2023-02-01,1119.0
JAWA TIMUR,2023-03-01,1127.0
JAWA TIMUR,2023-04-01,747.0
JAWA TIMUR,2023-05-01,837.0
JAWA TIMUR,2023-06-01,686.0
JAWA TIMUR,2023-07-01,497.0
JAWA TIMUR,2023-08-01,469.0
JAWA TIMUR,2023-09-01,485.0
JAWA TIMUR,2023-10-01,520.0
JAWA TIMUR,2023-11-01,552.0
JAWA TIMUR,2023-12-01,725.0
JAWA TIMUR,2024-01-01,2605.0
JAWA TIMUR,2024-02-01,3472.0
JAWA TIMUR,2024-03-01,4988.0
JAWA TIMUR,2024-04-01,3880.0
JAWA TIMUR,2024-05-01,3712.0
JAWA TIMUR,2024-06-01,3175.0
JAWA TIMUR,2024-07-01,986.0
